kind,subject,page,system,staff,cell,export_bar,last_night_value_beats,tonight_candidates_beats,tonight_reason,what_changed,gather_side_changes,ink_refusal_why,last_night_beam_levels
kept_to_narrowed,glyph/1/0/3/8/5,1,0,3,8,9,0.5,0.5 | 1,beam discounted uncertain,ink refused through_heads (0->1),beams_by_stem 1->0,through_heads,1
kept_to_narrowed,glyph/1/0/7/1/1,1,0,7,1,2,0.5,0.5 | 1,beam discounted uncertain,ink refused too_thin (0->1),-,too_thin,1
kept_to_narrowed,glyph/2/0/2/1/3,2,0,2,1,18,1,0.5 | 1,beam discounted uncertain,stem side None->up,-,,0
kept_to_narrowed,glyph/2/0/2/1/11,2,0,2,1,18,1,0.5 | 1,beam discounted uncertain,stem side None->up,-,,0
kept_to_narrowed,glyph/2/0/2/1/16,2,0,2,1,18,1,2 | 1 | 4,head fill from ink,no guard counter changed,-,,0
kept_to_narrowed,glyph/2/1/4/1/0,2,1,4,1,35,0.5,0.5 | 1,beam discounted uncertain,ink refused too_thin (0->1),-,too_thin,1
kept_to_narrowed,glyph/2/1/4/1/3,2,1,4,1,35,0.5,0.5 | 1,beam discounted uncertain,ink refused too_thin (0->1),-,too_thin,1
kept_to_narrowed,glyph/2/1/5/9/2,2,1,5,9,43,0.5,0.5 | 1,beam discounted uncertain,ink refused too_thin (0->1),-,too_thin,1
kept_to_narrowed,glyph/2/1/5/9/7,2,1,5,9,43,0.5,0.5 | 1,beam discounted uncertain,ink refused too_thin (0->1),-,too_thin,1
kept_to_narrowed,glyph/2/1/5/13/1,2,1,5,13,47,1,0.5 | 1,beam discounted uncertain,stem side None->up,-,,0
kept_to_narrowed,glyph/2/1/7/11/2,2,1,7,11,45,0.5,0.5 | 1,beam discounted uncertain,ink refused through_heads/too_thin (0->2),beams_by_stem 1->0,through_heads/too_thin,1
kept_to_narrowed,glyph/3/0/4/2/0,3,0,4,2,51,0.5,0.5 | 1,beam discounted uncertain,ink refused too_thin (0->1),-,too_thin,1
kept_to_narrowed,glyph/3/0/9/3/1,3,0,9,3,52,0.5,0.5 | 1,beam discounted uncertain,ink refused one_stem (0->1) + stem side None->up,-,one_stem,1
kept_to_narrowed,glyph/3/0/9/3/4,3,0,9,3,52,0.5,0.5 | 1,beam discounted uncertain,ink refused one_stem (0->1),-,one_stem,1
kept_to_narrowed,glyph/3/0/9/3/5,3,0,9,3,52,0.5,0.5 | 1,beam discounted uncertain,ink refused one_stem (0->1) + stem side None->up,-,one_stem,1
kept_to_narrowed,glyph/3/0/9/3/7,3,0,9,3,52,0.5,0.5 | 1,beam discounted uncertain,ink refused one_stem (0->1),-,one_stem,1
kept_to_narrowed,glyph/3/0/9/3/8,3,0,9,3,52,0.5,0.5 | 1,beam discounted uncertain,ink refused one_stem (0->1),-,one_stem,1
kept_to_narrowed,glyph/3/0/9/3/10,3,0,9,3,52,0.5,0.5 | 1,beam discounted uncertain,ink refused one_stem (0->1),-,one_stem,1
kept_to_narrowed,glyph/3/0/9/3/11,3,0,9,3,52,0.5,0.5 | 1,beam discounted uncertain,ink refused one_stem (0->1),-,one_stem,1
kept_to_narrowed,glyph/3/1/1/4/1,3,1,1,4,69,0.5,0.5 | 1,beam discounted uncertain,ink refused too_thin (0->1),beams_by_stem 1->0,too_thin,1
kept_to_narrowed,glyph/3/1/4/13/0,3,1,4,13,78,0.5,0.5 | 1,beam discounted uncertain,ink refused too_thin (0->1),-,too_thin,1
kept_to_narrowed,glyph/3/1/4/13/2,3,1,4,13,78,0.5,0.5 | 1,beam discounted uncertain,ink refused too_thin (0->1),-,too_thin,1
kept_to_narrowed,glyph/3/1/6/0/9,3,1,6,0,65,1,2 | 1 | 4,head fill from ink,no guard counter changed,-,,0
kept_to_narrowed,glyph/4/0/0/12/1,4,0,0,12,95,1,0.5 | 1,beam discounted uncertain,far-side strokes 0->1 + stem side None->down,-,,0
kept_to_narrowed,glyph/4/0/1/10/1,4,0,1,10,93,0.5,0.5 | 1,beam discounted uncertain,ink refused through_heads (0->1),beams_by_stem 1->0,through_heads,1
kept_to_narrowed,glyph/4/0/1/12/0,4,0,1,12,95,1,0.5 | 1,beam discounted uncertain,stem side None->down,-,,0
kept_to_narrowed,glyph/4/0/1/12/1,4,0,1,12,95,1,0.5 | 1,beam discounted uncertain,stem side None->down,-,,0
kept_to_narrowed,glyph/4/0/6/10/1,4,0,6,10,93,0.5,0.5 | 1,beam discounted uncertain,ink refused too_thin (0->1),-,too_thin,1
kept_to_narrowed,glyph/4/0/8/2/1,4,0,8,2,85,0.5,0.5 | 1,beam discounted uncertain,ink refused too_thin (0->1),-,too_thin,1
kept_to_narrowed,glyph/4/0/8/4/7,4,0,8,4,87,0.5,0.5 | 1,beam discounted uncertain,ink refused too_thin (0->1),-,too_thin,1
kept_to_narrowed,glyph/4/0/8/6/0,4,0,8,6,89,0.25,0.5 | 1,beam discounted uncertain,ink refused too_thin (0->2),-,too_thin,2
kept_to_narrowed,glyph/4/0/8/8/0,4,0,8,8,91,0.5,0.5 | 1,beam discounted uncertain,ink refused too_thin (0->1),-,too_thin,1
kept_to_narrowed,glyph/4/0/9/5/3,4,0,9,5,88,0.5,0.5 | 1,beam discounted uncertain,ink refused too_thin (0->1),-,too_thin,1
kept_to_narrowed,glyph/4/0/9/5/8,4,0,9,5,88,0.5,0.5 | 1,beam discounted uncertain,ink refused too_thin (0->1),-,too_thin,1
kept_to_narrowed,glyph/4/1/0/12/1,4,1,0,12,110,0.25,1 | 0.5,beams ambiguous,ink refused through_heads (0->1),beams_by_stem 2->1,through_heads,2
kept_to_narrowed,glyph/4/1/1/13/1,4,1,1,13,111,0.125,1 | 0.5,beams ambiguous,ink refused through_heads/too_thin (0->2),beams_by_stem 3->1,through_heads/too_thin,3
kept_to_narrowed,glyph/4/1/1/13/4,4,1,1,13,111,0.125,1 | 0.5,beams ambiguous,ink refused through_heads/too_thin (0->2),beams_by_stem 3->1,through_heads/too_thin,3
kept_to_narrowed,glyph/4/1/1/13/5,4,1,1,13,111,0.125,1 | 0.5,beams ambiguous,ink refused through_heads/too_thin (0->2),beams_by_stem 3->1,through_heads/too_thin,3
kept_to_narrowed,glyph/4/1/2/12/2,4,1,2,12,110,0.25,1 | 0.5,beams ambiguous,ink refused too_thin (0->1),beams_by_stem 2->1,too_thin,2
kept_to_narrowed,glyph/4/1/2/12/3,4,1,2,12,110,0.25,1 | 0.5,beams ambiguous,ink refused too_thin (0->1),beams_by_stem 2->1,too_thin,2
kept_to_narrowed,glyph/4/1/2/12/4,4,1,2,12,110,0.25,1 | 0.5,beams ambiguous,ink refused too_thin (0->1),beams_by_stem 2->1,too_thin,2
kept_to_narrowed,glyph/4/1/3/3/0,4,1,3,3,101,0.5,0.5 | 1,beam discounted uncertain,ink refused through_heads (0->1),beams_by_stem 1->0,through_heads,1
kept_to_narrowed,glyph/4/1/3/5/3,4,1,3,5,103,1,0.5 | 1,beam discounted uncertain,stem side None->down,-,,0
kept_to_narrowed,glyph/4/1/3/14/5,4,1,3,14,112,0.125,0.5 | 0.25,beams ambiguous,no guard counter changed,-,,3
kept_to_narrowed,glyph/4/1/7/7/7,4,1,7,7,105,0.5,0.5 | 1,beam discounted uncertain,ink refused through_heads (0->1),beams_by_stem 1->0,through_heads,1
kept_to_narrowed,glyph/4/1/8/0/3,4,1,8,0,98,0.25,1 | 0.5,beams ambiguous,ink refused through_heads (0->1),beams_by_stem 2->1,through_heads,2
kept_to_narrowed,glyph/4/1/8/13/4,4,1,8,13,111,0.5,0.5 | 1,beam discounted uncertain,ink refused too_thin (0->2),beams_by_stem 1->0,too_thin,1
kept_to_narrowed,glyph/4/1/9/8/2,4,1,9,8,106,0.5,1 | 0.5,beams ambiguous,no guard counter changed,-,,1
kept_to_narrowed,glyph/5/0/0/1/2,5,0,0,1,114,0.0625,1 | 0.5,beams ambiguous,ink refused through_heads/too_thin (0->3),beams_by_stem 4->1,through_heads/too_thin,4
kept_to_narrowed,glyph/5/0/0/1/8,5,0,0,1,114,0.0625,1 | 0.5,beams ambiguous,ink refused through_heads/too_thin (0->3),beams_by_stem 4->1,through_heads/too_thin,4
kept_to_narrowed,glyph/5/0/0/1/9,5,0,0,1,114,0.0625,1 | 0.5,beams ambiguous,ink refused through_heads/too_thin (0->3),beams_by_stem 4->1,through_heads/too_thin,4
kept_to_narrowed,glyph/5/0/0/5/0,5,0,0,5,118,0.5,1 | 0.5,beams ambiguous,no guard counter changed,-,,1
kept_to_narrowed,glyph/5/0/0/6/0,5,0,0,6,119,0.125,1 | 0.25,beam certain not joined,far-side strokes 0->1 + stem side None->down,beams_by_stem 3->2,,3
kept_to_narrowed,glyph/5/0/0/6/1,5,0,0,6,119,0.125,0.5 | 0.25,beams ambiguous,no guard counter changed,-,,3
kept_to_narrowed,glyph/5/0/0/6/4,5,0,0,6,119,0.125,0.5 | 0.25,beams ambiguous,no guard counter changed,-,,3
kept_to_narrowed,glyph/5/0/0/7/0,5,0,0,7,120,0.5,1 | 0.5,beams ambiguous,no guard counter changed,-,,1
kept_to_narrowed,glyph/5/0/1/0/7,5,0,1,0,113,0.5,0.5 | 1,beam discounted uncertain,ink refused through_heads (0->1),beams_by_stem 1->0,through_heads,1
kept_to_narrowed,glyph/5/0/2/5/5,5,0,2,5,118,1,2 | 1 | 4,head fill from ink,ink refused too_thin (0->1),-,too_thin,0
kept_to_narrowed,glyph/5/0/3/15/5,5,0,3,15,128,0.5,0.5 | 1,beam discounted uncertain,ink refused too_thin (0->1),-,too_thin,1
kept_to_narrowed,glyph/5/0/4/0/4,5,0,4,0,113,1,2 | 1 | 4,head fill from ink,no guard counter changed,-,,0
kept_to_narrowed,glyph/5/0/5/4/3,5,0,5,4,117,0.5,0.5 | 1,beam discounted uncertain,ink refused too_thin (0->1),-,too_thin,1
kept_to_narrowed,glyph/5/0/5/15/3,5,0,5,15,128,0.5,0.5 | 1,beam discounted uncertain,ink refused too_thin (0->1),-,too_thin,1
kept_to_narrowed,glyph/5/0/6/3/2,5,0,6,3,116,0.5,0.5 | 1,beam discounted uncertain,ink refused too_thin (0->1),-,too_thin,1
kept_to_narrowed,glyph/5/0/7/0/7,5,0,7,0,113,1,2 | 1 | 4,head fill from ink,no guard counter changed,-,,0
kept_to_narrowed,glyph/5/0/7/4/1,5,0,7,4,117,0.5,0.5 | 1,beam discounted uncertain,ink refused too_thin (0->1),-,too_thin,1
kept_to_narrowed,glyph/5/1/0/9/5,5,1,0,9,139,0.25,0.5 | 1,beam discounted uncertain,ink refused too_thin (0->2),-,too_thin,2
kept_to_narrowed,glyph/5/1/0/11/10,5,1,0,11,141,0.5,0.5 | 1,beam discounted uncertain,ink refused through_heads (0->1),beams_by_stem 1->0,through_heads,1
kept_to_narrowed,glyph/5/1/1/9/7,5,1,1,9,139,0.5,0.5 | 1,beam discounted uncertain,ink refused too_thin (0->1) + stem side None->down,-,too_thin,1
kept_to_narrowed,glyph/5/1/5/13/0,5,1,5,13,143,0.5,0.5 | 1,beam discounted uncertain,ink refused too_thin (0->1),-,too_thin,1
kept_to_narrowed,glyph/5/1/5/13/4,5,1,5,13,143,0.5,0.5 | 1,beam discounted uncertain,ink refused too_thin (0->1),-,too_thin,1
kept_to_narrowed,glyph/5/1/5/14/6,5,1,5,14,144,0.5,0.5 | 1,beam discounted uncertain,ink refused too_thin (0->1),-,too_thin,1
kept_to_narrowed,glyph/6/0/0/8/0,6,0,0,8,153,0.5,0.5 | 1,beam discounted uncertain,ink refused too_thin (0->1),beams_by_stem 1->0,too_thin,1
kept_to_narrowed,glyph/6/0/0/8/2,6,0,0,8,153,0.5,0.5 | 1,beam discounted uncertain,ink refused too_thin (0->1),beams_by_stem 1->0,too_thin,1
kept_to_narrowed,glyph/6/0/0/8/5,6,0,0,8,153,0.5,0.5 | 1,beam discounted uncertain,ink refused too_thin (0->1),beams_by_stem 1->0,too_thin,1
kept_to_narrowed,glyph/6/0/0/8/9,6,0,0,8,153,0.5,0.5 | 1,beam discounted uncertain,ink refused too_thin (0->1) + stem side None->up,-,too_thin,1
kept_to_narrowed,glyph/6/0/5/6/0,6,0,5,6,151,1,0.5 | 1,beam discounted uncertain,stem side None->down,-,,0
kept_to_narrowed,glyph/6/0/5/7/1,6,0,5,7,152,0.5,0.5 | 1,beam discounted uncertain,ink refused too_thin (0->1),-,too_thin,1
kept_to_narrowed,glyph/6/0/6/11/0,6,0,6,11,156,1,1 | 0.5,beams ambiguous,stem side None->down,-,,0
kept_to_narrowed,glyph/6/0/8/12/0,6,0,8,12,157,0.5,0.5 | 1,beam discounted uncertain,ink refused through_heads (0->1) + far-side strokes 0->1,beams_by_stem 1->0,through_heads,1
kept_to_narrowed,glyph/6/1/0/10/11,6,1,0,10,168,1,0.5 | 1,beam discounted uncertain,stem side None->down,-,,0
kept_to_narrowed,glyph/6/1/0/12/2,6,1,0,12,170,0.5,0.5 | 1,beam discounted uncertain,ink refused too_thin (0->1) + stem side None->down,-,too_thin,1
kept_to_narrowed,glyph/6/1/0/12/4,6,1,0,12,170,0.5,0.5 | 1,beam discounted uncertain,ink refused too_thin (0->1),-,too_thin,1
kept_to_narrowed,glyph/6/1/1/9/2,6,1,1,9,167,0.5,0.5 | 1,beam discounted uncertain,ink refused too_thin (0->1),beams_by_stem 1->0,too_thin,1
kept_to_narrowed,glyph/6/1/1/9/4,6,1,1,9,167,0.5,0.5 | 1,beam discounted uncertain,ink refused too_thin (0->1),beams_by_stem 1->0,too_thin,1
kept_to_narrowed,glyph/6/1/1/11/1,6,1,1,11,169,0.5,0.5 | 1,beam discounted uncertain,ink refused too_thin (0->1),-,too_thin,1
kept_to_narrowed,glyph/6/1/1/11/2,6,1,1,11,169,0.5,0.5 | 1,beam discounted uncertain,ink refused too_thin (0->1),-,too_thin,1
kept_to_narrowed,glyph/6/1/1/11/3,6,1,1,11,169,0.5,2 | 1 | 4,head fill from ink,ink refused too_thin (0->1),-,too_thin,1
kept_to_narrowed,glyph/6/1/2/10/9,6,1,2,10,168,0.5,0.5 | 1,beam discounted uncertain,ink refused too_thin (0->1),-,too_thin,1
kept_to_narrowed,glyph/6/1/4/8/9,6,1,4,8,166,0.5,2 | 1 | 4,head fill from ink,no guard counter changed,-,,1
kept_to_narrowed,glyph/6/1/5/2/4,6,1,5,2,160,0.5,0.5 | 1,beam discounted uncertain,ink refused through_heads (0->1),beams_by_stem 1->0,through_heads,1
kept_to_narrowed,glyph/6/1/5/10/9,6,1,5,10,168,0.5,0.5 | 1,beam discounted uncertain,ink refused too_thin (0->1),-,too_thin,1
kept_to_narrowed,glyph/6/1/6/6/0,6,1,6,6,164,0.5,0.5 | 1,beam discounted uncertain,ink refused too_thin (0->1),beams_by_stem 1->0,too_thin,1
kept_to_narrowed,glyph/6/1/7/4/15,6,1,7,4,162,1,1 | 0.5,beams ambiguous,no guard counter changed,-,,0
kept_to_narrowed,glyph/7/0/0/1/9,7,0,0,1,173,1,2 | 1 | 4,head fill from ink,no guard counter changed,-,,0
kept_to_narrowed,glyph/7/0/0/1/11,7,0,0,1,173,1,0.5 | 1,beam discounted uncertain,stem side None->down,-,,0
kept_to_narrowed,glyph/7/0/0/15/3,7,0,0,15,187,0.125,0.5 | 0.25,beams ambiguous,no guard counter changed,-,,3
kept_to_narrowed,glyph/7/0/1/0/2,7,0,1,0,172,0.5,0.5 | 1,beam discounted uncertain,ink refused no_stem_at_ends (0->1) + stem side None->down,-,no_stem_at_ends,1
kept_to_narrowed,glyph/7/0/1/0/4,7,0,1,0,172,0.5,0.5 | 1,beam discounted uncertain,ink refused no_stem_at_ends (0->1) + stem side None->down,-,no_stem_at_ends,1
kept_to_narrowed,glyph/7/0/1/0/8,7,0,1,0,172,0.5,0.5 | 1,beam discounted uncertain,ink refused no_stem_at_ends (0->1),-,no_stem_at_ends,1
kept_to_narrowed,glyph/7/0/1/0/9,7,0,1,0,172,0.5,0.5 | 1,beam discounted uncertain,ink refused no_stem_at_ends (0->1),-,no_stem_at_ends,1
kept_to_narrowed,glyph/7/0/1/7/1,7,0,1,7,179,1,0.5 | 1,beam discounted uncertain,stem side None->down,-,,0
kept_to_narrowed,glyph/7/0/1/7/2,7,0,1,7,179,1,0.5 | 1,beam discounted uncertain,stem side None->down,-,,0
kept_to_narrowed,glyph/7/0/1/7/20,7,0,1,7,179,1,0.5 | 1,beam discounted uncertain,stem side None->down,-,,0
kept_to_narrowed,glyph/7/0/2/14/1,7,0,2,14,186,0.5,0.5 | 1,beam discounted uncertain,ink refused too_thin (0->1),-,too_thin,1
kept_to_narrowed,glyph/7/0/2/15/2,7,0,2,15,187,0.5,0.5 | 1,beam discounted uncertain,ink refused too_thin (0->1),-,too_thin,1
kept_to_narrowed,glyph/7/0/2/15/4,7,0,2,15,187,0.5,0.5 | 1,beam discounted uncertain,ink refused too_thin (0->1),-,too_thin,1
kept_to_narrowed,glyph/7/0/2/15/5,7,0,2,15,187,0.5,0.5 | 1,beam discounted uncertain,ink refused too_thin (0->1),-,too_thin,1
kept_to_narrowed,glyph/7/0/2/15/6,7,0,2,15,187,0.5,0.5 | 1,beam discounted uncertain,ink refused too_thin (0->1),-,too_thin,1
kept_to_narrowed,glyph/7/0/2/16/1,7,0,2,16,188,0.5,0.5 | 1,beam discounted uncertain,ink refused too_thin (0->1),-,too_thin,1
kept_to_narrowed,glyph/7/0/2/16/4,7,0,2,16,188,0.5,0.5 | 1,beam discounted uncertain,ink refused too_thin (0->1),-,too_thin,1
kept_to_narrowed,glyph/7/0/5/12/0,7,0,5,12,184,0.5,0.5 | 1,beam discounted uncertain,ink refused through_heads (0->1),beams_by_stem 1->0,through_heads,1
kept_to_narrowed,glyph/7/0/5/15/1,7,0,5,15,187,0.5,1 | 0.5,beams ambiguous,no guard counter changed,-,,1
kept_to_narrowed,glyph/7/0/5/15/2,7,0,5,15,187,0.5,1 | 0.5,beams ambiguous,no guard counter changed,-,,1
kept_to_narrowed,glyph/7/0/6/16/2,7,0,6,16,188,0.5,0.5 | 1,beam discounted uncertain,ink refused too_thin (0->1),-,too_thin,1
kept_to_narrowed,glyph/7/0/9/1/1,7,0,9,1,173,1,0.5 | 0.25,flag ink unread,ink refused through_heads (0->1),-,through_heads,0
kept_to_narrowed,glyph/7/0/9/15/0,7,0,9,15,187,0.5,0.5 | 1,beam discounted uncertain,ink refused too_thin (0->1),-,too_thin,1
kept_to_narrowed,glyph/7/0/9/15/2,7,0,9,15,187,0.5,0.5 | 1,beam discounted uncertain,ink refused too_thin (0->1),-,too_thin,1
kept_to_narrowed,glyph/7/1/0/8/0,7,1,0,8,197,0.5,0.5 | 1,beam discounted uncertain,ink refused through_heads (0->1),beams_by_stem 1->0,through_heads,1
kept_to_narrowed,glyph/7/1/0/16/4,7,1,0,16,205,0.5,0.5 | 1,beam discounted uncertain,ink refused through_heads (0->1),-,through_heads,1
kept_to_narrowed,glyph/7/1/1/8/0,7,1,1,8,197,0.5,0.5 | 1,beam discounted uncertain,ink refused too_thin (0->1),-,too_thin,1
kept_to_narrowed,glyph/7/1/2/4/0,7,1,2,4,193,0.5,1 | 0.5,beams ambiguous,no guard counter changed,-,,1
kept_to_narrowed,glyph/7/1/2/7/1,7,1,2,7,196,1,0.5 | 1,beam discounted uncertain,stem side None->down,-,,0
kept_to_narrowed,glyph/7/1/2/7/16,7,1,2,7,196,1,0.5 | 1,beam discounted uncertain,stem side None->down,-,,0
kept_to_narrowed,glyph/7/1/3/2/3,7,1,3,2,191,0.5,1 | 0.5,beams ambiguous,no guard counter changed,-,,1
kept_to_narrowed,glyph/7/1/9/3/3,7,1,9,3,192,0.5,0.5 | 1,beam discounted uncertain,ink refused too_thin (0->2),-,too_thin,1
kept_to_narrowed,glyph/7/1/9/3/8,7,1,9,3,192,0.5,0.5 | 1,beam discounted uncertain,ink refused too_thin (0->2),-,too_thin,1
kept_to_narrowed,glyph/7/1/9/4/1,7,1,9,4,193,0.5,0.5 | 1,beam discounted uncertain,ink refused too_thin (0->1),-,too_thin,1
kept_to_narrowed,glyph/8/1/0/0/5,8,1,0,0,229,0.125,0.5 | 0.25,beams ambiguous,no guard counter changed,-,,3
kept_to_narrowed,glyph/8/1/1/13/6,8,1,1,13,242,0.125,1 | 0.5,beams ambiguous,ink refused through_heads/too_thin (0->3),beams_by_stem 3->1,through_heads/too_thin,3
kept_to_narrowed,glyph/8/1/1/15/3,8,1,1,15,244,0.125,1 | 0.5,beams ambiguous,ink refused through_heads/too_thin (0->3),beams_by_stem 3->1,through_heads/too_thin,3
kept_to_narrowed,glyph/8/1/1/15/5,8,1,1,15,244,0.125,1 | 0.5,beams ambiguous,ink refused through_heads/too_thin (0->3),beams_by_stem 3->1,through_heads/too_thin,3
kept_to_narrowed,glyph/8/1/2/0/6,8,1,2,0,229,0.125,1 | 0.5,beam certain not joined,no guard counter changed,-,,3
kept_to_narrowed,glyph/8/1/2/0/8,8,1,2,0,229,0.125,0.5 | 0.25,beams ambiguous,no guard counter changed,-,,3
kept_to_narrowed,glyph/8/1/4/18/1,8,1,4,18,247,0.5,0.5 | 1,beam discounted uncertain,ink refused through_heads (0->1),beams_by_stem 1->0,through_heads,1
kept_to_narrowed,glyph/9/0/0/1/2,9,0,0,1,249,1,1 | 0.5,beams ambiguous,stem side None->down,-,,0
kept_to_narrowed,glyph/9/0/0/1/6,9,0,0,1,249,1,1 | 0.5,beams ambiguous,no guard counter changed,-,,0
kept_to_narrowed,glyph/9/0/3/9/2,9,0,3,9,257,0.5,0.5 | 1,beam discounted uncertain,ink refused too_thin (0->1),beams_by_stem 1->0,too_thin,1
kept_to_narrowed,glyph/9/0/3/13/3,9,0,3,13,261,0.5,0.5 | 1,beam discounted uncertain,ink refused too_thin (0->1),-,too_thin,1
kept_to_narrowed,glyph/9/0/3/13/5,9,0,3,13,261,0.5,0.5 | 1,beam discounted uncertain,ink refused too_thin (0->1),-,too_thin,1
kept_to_narrowed,glyph/9/0/4/0/2,9,0,4,0,248,0.5,0.5 | 1,beam discounted uncertain,ink refused through_heads (0->1),beams_by_stem 1->0,through_heads,1
kept_to_narrowed,glyph/9/0/4/2/8,9,0,4,2,250,1,2 | 1 | 4,head fill from ink,no guard counter changed,-,,0
kept_to_narrowed,glyph/9/1/0/0/3,9,1,0,0,263,0.5,0.5 | 1,beam discounted uncertain,ink refused through_heads (0->1),beams_by_stem 1->0,through_heads,1
kept_to_narrowed,glyph/9/1/9/4/1,9,1,9,4,267,0.5,0.5 | 1,beam discounted uncertain,ink refused too_thin (0->1),-,too_thin,1
kept_to_narrowed,glyph/10/0/3/4/0,10,0,3,4,279,0.5,0.5 | 1,beam discounted uncertain,ink refused too_thin (0->1) + stem side None->down,-,too_thin,1
kept_to_narrowed,glyph/10/0/3/4/1,10,0,3,4,279,0.5,0.5 | 1,beam discounted uncertain,ink refused too_thin (0->1) + stem side None->down,-,too_thin,1
kept_to_narrowed,glyph/10/0/3/4/2,10,0,3,4,279,0.5,0.5 | 1,beam discounted uncertain,ink refused too_thin (0->1) + stem side None->down,-,too_thin,1
kept_to_narrowed,glyph/10/0/3/4/4,10,0,3,4,279,0.5,0.5 | 1,beam discounted uncertain,ink refused too_thin (0->1),-,too_thin,1
kept_to_narrowed,glyph/10/0/3/4/5,10,0,3,4,279,0.5,0.5 | 1,beam discounted uncertain,ink refused too_thin (0->1),-,too_thin,1
kept_to_narrowed,glyph/10/0/3/4/7,10,0,3,4,279,0.5,0.5 | 1,beam discounted uncertain,ink refused too_thin (0->1),-,too_thin,1
kept_to_narrowed,glyph/10/0/3/8/0,10,0,3,8,283,0.5,0.5 | 1,beam discounted uncertain,ink refused too_thin (0->1),-,too_thin,1
kept_to_narrowed,glyph/10/1/1/6/4,10,1,1,6,295,0.5,0.5 | 1,beam discounted uncertain,ink refused too_thin (0->2),-,too_thin,1
kept_to_narrowed,glyph/10/1/1/8/8,10,1,1,8,297,0.5,2 | 1 | 4,head fill from ink,no guard counter changed,-,,1
kept_to_narrowed,glyph/10/1/2/7/0,10,1,2,7,296,1,0.5 | 1,beam discounted uncertain,far-side strokes 0->1 + stem side None->up,-,,0
kept_to_narrowed,glyph/10/1/3/9/6,10,1,3,9,298,1,2 | 1 | 4,head fill from ink,stem side None->down,-,,0
kept_to_narrowed,glyph/10/1/4/5/4,10,1,4,5,294,1,2 | 1 | 4,head fill from ink,ink refused too_thin (0->1),-,too_thin,0
kept_to_narrowed,glyph/10/1/4/7/2,10,1,4,7,296,0.5,0.5 | 1,beam discounted uncertain,ink refused too_thin (0->1),-,too_thin,1
kept_to_narrowed,glyph/10/1/6/12/2,10,1,6,12,301,0.5,0.5 | 1,beam discounted uncertain,ink refused too_thin (0->1),-,too_thin,1
kept_to_narrowed,glyph/10/1/7/1/2,10,1,7,1,290,1,1 | 0.5,beams ambiguous,stem side None->down,-,,0
kept_to_narrowed,glyph/10/1/7/10/3,10,1,7,10,299,0.5,0.5 | 1,beam discounted uncertain,ink refused through_heads (0->1),beams_by_stem 1->0,through_heads,1
kept_to_narrowed,glyph/10/1/8/10/0,10,1,8,10,299,0.5,0.5 | 1,beam discounted uncertain,ink refused through_heads (0->1),beams_by_stem 1->0,through_heads,1
kept_to_narrowed,glyph/10/1/9/7/0,10,1,9,7,296,0.5,0.5 | 1,beam discounted uncertain,ink refused one_stem (0->1) + stem side None->up,-,one_stem,1
kept_to_narrowed,glyph/10/1/9/7/1,10,1,9,7,296,0.5,0.5 | 1,beam discounted uncertain,ink refused one_stem (0->1) + stem side None->up,-,one_stem,1
kept_to_narrowed,glyph/10/1/9/7/2,10,1,9,7,296,0.5,0.5 | 1,beam discounted uncertain,ink refused one_stem (0->1),-,one_stem,1
kept_to_narrowed,glyph/10/1/9/7/3,10,1,9,7,296,0.5,0.5 | 1,beam discounted uncertain,ink refused one_stem (0->1) + stem side None->up,-,one_stem,1
kept_to_narrowed,glyph/10/1/9/7/5,10,1,9,7,296,0.5,0.5 | 1,beam discounted uncertain,ink refused one_stem (0->1),-,one_stem,1
kept_to_narrowed,glyph/10/1/9/7/7,10,1,9,7,296,0.5,0.5 | 1,beam discounted uncertain,ink refused one_stem (0->1) + stem side None->up,-,one_stem,1
kept_to_narrowed,glyph/10/1/9/7/8,10,1,9,7,296,0.5,0.5 | 1,beam discounted uncertain,ink refused one_stem (0->1),-,one_stem,1
kept_to_narrowed,glyph/10/1/9/7/10,10,1,9,7,296,0.5,0.5 | 1,beam discounted uncertain,ink refused one_stem (0->1),-,one_stem,1
kept_to_narrowed,glyph/11/0/0/8/2,11,0,0,8,312,0.5,0.5 | 1,beam discounted uncertain,ink refused too_thin (0->1),-,too_thin,1
kept_to_narrowed,glyph/11/0/0/9/1,11,0,0,9,313,0.5,0.5 | 1,beam discounted uncertain,ink refused too_thin (0->1),-,too_thin,1
kept_to_narrowed,glyph/11/0/0/9/3,11,0,0,9,313,0.5,0.5 | 1,beam discounted uncertain,ink refused too_thin (0->1),-,too_thin,1
kept_to_narrowed,glyph/11/0/0/10/2,11,0,0,10,314,0.5,0.5 | 1,beam discounted uncertain,ink refused too_thin (0->1),-,too_thin,1
kept_to_narrowed,glyph/11/0/0/10/6,11,0,0,10,314,0.5,0.5 | 1,beam discounted uncertain,ink refused too_thin (0->1),beams_by_stem 1->0,too_thin,1
kept_to_narrowed,glyph/11/0/0/11/0,11,0,0,11,315,0.5,0.5 | 1,beam discounted uncertain,ink refused through_heads (0->1),beams_by_stem 1->0,through_heads,1
kept_to_narrowed,glyph/11/0/0/16/2,11,0,0,16,320,0.5,0.5 | 1,beam discounted uncertain,ink refused too_thin (0->1),-,too_thin,1
kept_to_narrowed,glyph/11/0/0/17/1,11,0,0,17,321,0.5,0.5 | 1,beam discounted uncertain,ink refused too_thin (0->1),-,too_thin,1
kept_to_narrowed,glyph/11/0/2/15/5,11,0,2,15,319,1,2 | 1 | 4,head fill from ink,ink refused too_thin (0->1),-,too_thin,0
kept_to_narrowed,glyph/11/0/3/8/6,11,0,3,8,312,0.5,0.5 | 1,beam discounted uncertain,ink refused too_thin (0->1),-,too_thin,1
kept_to_narrowed,glyph/11/1/0/1/2,11,1,0,1,323,0.5,0.5 | 1,beam discounted uncertain,ink refused through_heads (0->1),beams_by_stem 1->0,through_heads,1
kept_to_narrowed,glyph/11/1/0/4/1,11,1,0,4,326,0.5,0.5 | 1,beam discounted uncertain,ink refused too_thin (0->1),-,too_thin,1
kept_to_narrowed,glyph/11/1/0/5/1,11,1,0,5,327,0.5,0.5 | 1,beam discounted uncertain,ink refused too_thin (0->1),-,too_thin,1
kept_to_narrowed,glyph/11/1/0/5/3,11,1,0,5,327,0.5,0.5 | 1,beam discounted uncertain,ink refused too_thin (0->1),beams_by_stem 1->0,too_thin,1
kept_to_narrowed,glyph/11/1/2/4/0,11,1,2,4,326,0.25,0.5 | 1,beam discounted uncertain,ink refused too_thin (0->2),-,too_thin,2
kept_to_narrowed,glyph/11/1/2/5/2,11,1,2,5,327,0.5,0.5 | 1,beam discounted uncertain,ink refused too_thin (0->1),-,too_thin,1
kept_to_narrowed,glyph/11/1/2/8/5,11,1,2,8,330,0.5,0.5 | 1,beam discounted uncertain,ink refused too_thin (0->1),-,too_thin,1
kept_to_narrowed,glyph/11/1/2/9/1,11,1,2,9,331,0.5,0.5 | 1,beam discounted uncertain,ink refused too_thin (0->1),-,too_thin,1
kept_to_narrowed,glyph/11/1/2/9/2,11,1,2,9,331,0.5,0.5 | 1,beam discounted uncertain,ink refused too_thin (0->1),-,too_thin,1
kept_to_narrowed,glyph/11/1/3/0/15,11,1,3,0,322,1,2 | 1 | 4,head fill from ink,no guard counter changed,-,,0
kept_to_narrowed,glyph/11/1/3/13/3,11,1,3,13,335,0.5,0.5 | 1,beam discounted uncertain,ink refused too_thin (0->1),beams_by_stem 1->0,too_thin,1
kept_to_narrowed,glyph/11/1/6/12/1,11,1,6,12,334,0.5,0.5 | 1,beam discounted uncertain,ink refused too_thin (0->1),-,too_thin,1
kept_to_narrowed,glyph/11/1/6/12/2,11,1,6,12,334,0.5,0.5 | 1,beam discounted uncertain,ink refused too_thin (0->1),-,too_thin,1
kept_to_narrowed,glyph/11/1/6/14/1,11,1,6,14,336,0.5,0.5 | 1,beam discounted uncertain,ink refused too_thin (0->1),-,too_thin,1
kept_to_narrowed,glyph/11/1/6/14/2,11,1,6,14,336,0.5,0.5 | 1,beam discounted uncertain,ink refused too_thin (0->1),-,too_thin,1
kept_to_narrowed,glyph/11/1/8/6/3,11,1,8,6,328,1,2 | 1 | 4,head fill from ink,no guard counter changed,-,,0
kept_to_narrowed,glyph/12/0/2/1/7,12,0,2,1,340,0.5,0.5 | 1,beam discounted uncertain,ink refused too_thin (0->1),-,too_thin,1
kept_to_narrowed,glyph/12/0/2/6/0,12,0,2,6,345,0.5,0.5 | 1,beam discounted uncertain,ink refused too_thin (0->1),beams_by_stem 1->0,too_thin,1
kept_to_narrowed,glyph/12/0/2/6/1,12,0,2,6,345,0.5,0.5 | 1,beam discounted uncertain,ink refused too_thin (0->1),beams_by_stem 1->0,too_thin,1
kept_to_narrowed,glyph/12/0/2/6/2,12,0,2,6,345,0.5,0.5 | 1,beam discounted uncertain,ink refused too_thin (0->1),beams_by_stem 1->0,too_thin,1
kept_to_narrowed,glyph/12/0/2/6/4,12,0,2,6,345,0.5,0.5 | 1,beam discounted uncertain,ink refused too_thin (0->1),beams_by_stem 1->0,too_thin,1
kept_to_narrowed,glyph/12/0/2/9/11,12,0,2,9,348,0.5,0.5 | 1,beam discounted uncertain,ink refused too_thin (0->1),-,too_thin,1
kept_to_narrowed,glyph/12/0/4/9/1,12,0,4,9,348,0.5,0.5 | 1,beam discounted uncertain,ink refused through_heads (0->2),beams_by_stem 1->0,through_heads,1
kept_to_narrowed,glyph/12/0/4/9/4,12,0,4,9,348,0.5,0.5 | 1,beam discounted uncertain,ink refused through_heads (0->2),beams_by_stem 1->0,through_heads,1
kept_to_narrowed,glyph/12/0/7/3/1,12,0,7,3,342,0.5,0.5 | 1,beam discounted uncertain,ink refused too_thin (0->1),-,too_thin,1
kept_to_narrowed,glyph/12/0/7/3/2,12,0,7,3,342,0.5,0.5 | 1,beam discounted uncertain,ink refused too_thin (0->1),-,too_thin,1
kept_to_narrowed,glyph/12/0/8/2/1,12,0,8,2,341,0.5,0.5 | 1,beam discounted uncertain,ink refused too_thin (0->1),-,too_thin,1
kept_to_narrowed,glyph/12/0/8/2/2,12,0,8,2,341,0.5,0.5 | 1,beam discounted uncertain,ink refused too_thin (0->1),-,too_thin,1
kept_to_narrowed,glyph/12/0/9/0/8,12,0,9,0,339,0.5,0.5 | 1,beam discounted uncertain,ink refused too_thin (0->1),-,too_thin,1
kept_to_narrowed,glyph/12/0/9/1/1,12,0,9,1,340,0.5,0.5 | 1,beam discounted uncertain,ink refused too_thin (0->1),-,too_thin,1
kept_to_narrowed,glyph/12/0/9/2/2,12,0,9,2,341,0.5,0.5 | 1,beam discounted uncertain,ink refused too_thin (0->1),-,too_thin,1
kept_to_narrowed,glyph/12/0/9/2/4,12,0,9,2,341,0.5,0.5 | 1,beam discounted uncertain,ink refused too_thin (0->1),-,too_thin,1
kept_to_narrowed,glyph/12/0/9/3/1,12,0,9,3,342,0.5,0.5 | 1,beam discounted uncertain,ink refused too_thin (0->1),-,too_thin,1
kept_to_narrowed,glyph/12/0/9/4/4,12,0,9,4,343,0.5,0.5 | 1,beam discounted uncertain,ink refused too_thin (0->1),-,too_thin,1
kept_to_narrowed,glyph/12/0/9/7/1,12,0,9,7,346,0.5,0.5 | 1,beam discounted uncertain,ink refused too_thin (0->1),-,too_thin,1
kept_to_narrowed,glyph/12/0/10/2/0,12,0,10,2,341,1,0.5 | 1,beam discounted uncertain,stem side None->down,-,,0
kept_to_narrowed,glyph/12/1/0/9/5,12,1,0,9,363,0.5,0.5 | 1,beam discounted uncertain,ink refused through_heads/too_thin (0->3),beams_by_stem 1->0,through_heads/too_thin,1
kept_to_narrowed,glyph/12/1/0/9/8,12,1,0,9,363,0.5,0.5 | 1,beam discounted uncertain,ink refused through_heads (0->1),beams_by_stem 1->0,through_heads,1
kept_to_narrowed,glyph/12/1/0/9/12,12,1,0,9,363,0.5,0.5 | 1,beam discounted uncertain,ink refused through_heads (0->1),beams_by_stem 1->0,through_heads,1
kept_to_narrowed,glyph/12/1/2/11/2,12,1,2,11,365,1,0.5 | 1,beam discounted uncertain,stem side None->down,-,,0
kept_to_narrowed,glyph/12/1/4/0/7,12,1,4,0,354,0.5,0.5 | 1,beam discounted uncertain,ink refused through_heads (0->1),beams_by_stem 1->0,through_heads,1
kept_to_narrowed,glyph/12/1/4/3/0,12,1,4,3,357,0.5,0.5 | 1,beam discounted uncertain,ink refused too_thin (0->1),-,too_thin,1
kept_to_narrowed,glyph/12/1/4/3/1,12,1,4,3,357,0.5,0.5 | 1,beam discounted uncertain,ink refused too_thin (0->1),-,too_thin,1
kept_to_narrowed,glyph/12/1/4/3/2,12,1,4,3,357,0.5,0.5 | 1,beam discounted uncertain,ink refused too_thin (0->1),-,too_thin,1
kept_to_narrowed,glyph/12/1/4/3/4,12,1,4,3,357,0.5,0.5 | 1,beam discounted uncertain,ink refused too_thin (0->1),-,too_thin,1
kept_to_narrowed,glyph/12/1/4/4/0,12,1,4,4,358,0.333333,0.333333 | 0.666667,beam discounted uncertain,ink refused too_thin (0->1),-,too_thin,1
kept_to_narrowed,glyph/12/1/4/4/3,12,1,4,4,358,0.333333,0.333333 | 0.666667,beam discounted uncertain,ink refused too_thin (0->1),-,too_thin,1
kept_to_narrowed,glyph/12/1/4/5/0,12,1,4,5,359,0.5,0.5 | 1,beam discounted uncertain,ink refused too_thin (0->1),-,too_thin,1
kept_to_narrowed,glyph/12/1/4/5/3,12,1,4,5,359,0.5,0.5 | 1,beam discounted uncertain,ink refused too_thin (0->1),-,too_thin,1
kept_to_narrowed,glyph/12/1/4/8/5,12,1,4,8,362,0.5,0.5 | 1,beam discounted uncertain,ink refused too_thin (0->1),-,too_thin,1
kept_to_narrowed,glyph/13/0/3/0/8,13,0,3,0,367,0.0625,0.5 | 0.25,beams ambiguous,ink refused through_heads (0->1),beams_by_stem 4->3,through_heads,4
kept_to_narrowed,glyph/13/0/3/3/1,13,0,3,3,370,0.5,0.5 | 1,beam discounted uncertain,far-side strokes 0->1 + stem side None->down,-,,1
kept_to_narrowed,glyph/13/0/3/3/2,13,0,3,3,370,0.5,0.5 | 1,beam discounted uncertain,far-side strokes 0->1 + stem side None->down,-,,1
kept_to_narrowed,glyph/13/0/3/3/7,13,0,3,3,370,0.5,0.5 | 1,beam discounted uncertain,ink refused no_stem_at_ends (0->1),-,no_stem_at_ends,1
kept_to_narrowed,glyph/13/0/3/3/11,13,0,3,3,370,0.5,0.5 | 1,beam discounted uncertain,ink refused no_stem_at_ends (0->1),-,no_stem_at_ends,1
kept_to_narrowed,glyph/13/0/3/3/12,13,0,3,3,370,0.5,0.5 | 1,beam discounted uncertain,far-side strokes 0->1 + stem side None->down,-,,1
kept_to_narrowed,glyph/13/0/3/4/1,13,0,3,4,371,0.5,0.5 | 1,beam discounted uncertain,ink refused too_thin (0->1) + stem side None->down,-,too_thin,1
kept_to_narrowed,glyph/13/0/3/4/2,13,0,3,4,371,0.5,0.5 | 1,beam discounted uncertain,ink refused too_thin (0->1),-,too_thin,1
kept_to_narrowed,glyph/13/0/4/12/3,13,0,4,12,379,0.5,0.5 | 1,beam discounted uncertain,ink refused through_heads (0->1),beams_by_stem 1->0,through_heads,1
kept_to_narrowed,glyph/13/0/4/14/0,13,0,4,14,381,0.5,0.5 | 1,beam discounted uncertain,ink refused through_heads (0->1),beams_by_stem 1->0,through_heads,1
kept_to_narrowed,glyph/13/0/7/8/2,13,0,7,8,375,0.5,0.5 | 1,beam discounted uncertain,ink refused too_thin (0->1),-,too_thin,1
kept_to_narrowed,glyph/13/0/7/11/1,13,0,7,11,378,0.5,0.5 | 1,beam discounted uncertain,ink refused too_thin (0->1),-,too_thin,1
kept_to_narrowed,glyph/13/0/7/15/2,13,0,7,15,382,0.5,0.5 | 1,beam discounted uncertain,ink refused too_thin (0->1),-,too_thin,1
kept_to_narrowed,glyph/13/0/8/1/6,13,0,8,1,368,0.5,0.5 | 1,beam discounted uncertain,ink refused too_thin (0->1),-,too_thin,1
kept_to_narrowed,glyph/13/0/8/6/0,13,0,8,6,373,0.5,0.5 | 1,beam discounted uncertain,ink refused too_thin (0->1),-,too_thin,1
kept_to_narrowed,glyph/13/0/8/6/3,13,0,8,6,373,0.5,0.5 | 1,beam discounted uncertain,ink refused too_thin (0->1),-,too_thin,1
kept_to_narrowed,glyph/13/0/8/9/0,13,0,8,9,376,0.5,0.5 | 1,beam discounted uncertain,ink refused too_thin (0->1),-,too_thin,1
kept_to_narrowed,glyph/13/0/10/4/1,13,0,10,4,371,0.5,0.5 | 1,beam discounted uncertain,ink refused too_thin (0->1),-,too_thin,1
kept_to_narrowed,glyph/13/1/0/13/11,13,1,0,13,396,1,0.5 | 1,beam discounted uncertain,stem side None->down,-,,0
kept_to_narrowed,glyph/13/1/1/9/1,13,1,1,9,392,0.5,0.5 | 1,beam discounted uncertain,ink refused through_heads (0->1),beams_by_stem 1->0,through_heads,1
kept_to_narrowed,glyph/13/1/2/6/1,13,1,2,6,389,0.5,0.5 | 1,beam discounted uncertain,ink refused through_heads (0->1),beams_by_stem 1->0,through_heads,1
kept_to_narrowed,glyph/13/1/2/9/1,13,1,2,9,392,0.5,0.5 | 1,beam discounted uncertain,ink refused one_stem (0->1),-,one_stem,1
kept_to_narrowed,glyph/13/1/2/9/5,13,1,2,9,392,0.5,0.5 | 1,beam discounted uncertain,ink refused one_stem (0->1),-,one_stem,1
kept_to_narrowed,glyph/13/1/3/5/1,13,1,3,5,388,0.25,1 | 0.5,beam certain not joined,no guard counter changed,-,,2
kept_to_narrowed,glyph/13/1/3/6/0,13,1,3,6,389,0.5,1 | 0.5,beams ambiguous,no guard counter changed,-,,1
kept_to_narrowed,glyph/13/1/10/11/2,13,1,10,11,394,0.5,0.5 | 1,beam discounted uncertain,ink refused too_thin (0->1),-,too_thin,1
kept_to_narrowed,glyph/13/1/10/11/3,13,1,10,11,394,0.5,0.5 | 1,beam discounted uncertain,ink refused too_thin (0->1),-,too_thin,1
kept_to_narrowed,glyph/13/1/10/13/1,13,1,10,13,396,0.5,0.5 | 1,beam discounted uncertain,ink refused too_thin (0->1),-,too_thin,1
kept_to_narrowed,glyph/14/0/1/8/0,14,0,1,8,408,0.5,0.5 | 1,beam discounted uncertain,ink refused too_thin (0->1) + stem side None->up,-,too_thin,1
kept_to_narrowed,glyph/14/0/2/8/2,14,0,2,8,408,0.5,0.5 | 1,beam discounted uncertain,far-side strokes 0->1 + stem side None->up,-,,1
kept_to_narrowed,glyph/14/0/2/8/7,14,0,2,8,408,0.5,0.5 | 1,beam discounted uncertain,far-side strokes 0->1 + stem side None->up,-,,1
kept_to_narrowed,glyph/14/0/2/11/1,14,0,2,11,411,0.5,0.5 | 1,beam discounted uncertain,ink refused too_thin (0->1),-,too_thin,1
kept_to_narrowed,glyph/14/0/2/11/3,14,0,2,11,411,0.5,0.5 | 1,beam discounted uncertain,ink refused too_thin (0->1),-,too_thin,1
kept_to_narrowed,glyph/14/0/3/9/0,14,0,3,9,409,0.5,0.5 | 1,beam discounted uncertain,ink refused too_thin (0->1),-,too_thin,1
kept_to_narrowed,glyph/14/0/3/9/1,14,0,3,9,409,0.5,0.5 | 1,beam discounted uncertain,ink refused too_thin (0->1),-,too_thin,1
kept_to_narrowed,glyph/14/0/3/13/0,14,0,3,13,413,0.5,0.5 | 1,beam discounted uncertain,ink refused too_thin (0->1),-,too_thin,1
kept_to_narrowed,glyph/14/0/3/13/2,14,0,3,13,413,0.5,0.5 | 1,beam discounted uncertain,ink refused too_thin (0->1),-,too_thin,1
kept_to_narrowed,glyph/14/0/3/14/1,14,0,3,14,414,0.5,0.5 | 1,beam discounted uncertain,ink refused too_thin (0->1),-,too_thin,1
kept_to_narrowed,glyph/14/0/4/4/0,14,0,4,4,404,0.5,0.5 | 1,beam discounted uncertain,ink refused too_thin (0->1),-,too_thin,1
kept_to_narrowed,glyph/14/0/9/0/3,14,0,9,0,400,0.25,0.5 | 1,beam discounted uncertain,far-side strokes 0->2 + stem side None->down,-,,2
kept_to_narrowed,glyph/14/0/10/12/0,14,0,10,12,412,0.5,0.5 | 1,beam discounted uncertain,ink refused too_thin (0->1),-,too_thin,1
kept_to_narrowed,glyph/14/0/10/12/4,14,0,10,12,412,0.5,0.5 | 1,beam discounted uncertain,ink refused too_thin (0->1),-,too_thin,1
kept_to_narrowed,glyph/14/0/11/1/1,14,0,11,1,401,0.5,0.5 | 1,beam discounted uncertain,ink refused too_thin (0->1),-,too_thin,1
kept_to_narrowed,glyph/14/1/0/2/0,14,1,0,2,417,0.25,0.5 | 1,beam discounted uncertain,ink refused through_heads (0->2),beams_by_stem 2->0,through_heads,2
kept_to_narrowed,glyph/14/1/0/5/1,14,1,0,5,420,0.5,0.5 | 1,beam discounted uncertain,ink refused through_heads (0->1),beams_by_stem 1->0,through_heads,1
kept_to_narrowed,glyph/14/1/0/6/2,14,1,0,6,421,0.5,0.5 | 1,beam discounted uncertain,ink refused through_heads (0->1),beams_by_stem 1->0,through_heads,1
kept_to_narrowed,glyph/14/1/0/8/1,14,1,0,8,423,0.5,0.5 | 1,beam discounted uncertain,ink refused too_thin (0->1),-,too_thin,1
kept_to_narrowed,glyph/14/1/0/8/2,14,1,0,8,423,0.5,0.5 | 1,beam discounted uncertain,ink refused too_thin (0->1) + stem side None->down,-,too_thin,1
kept_to_narrowed,glyph/14/1/0/8/4,14,1,0,8,423,0.5,0.5 | 1,beam discounted uncertain,ink refused too_thin (0->1),-,too_thin,1
kept_to_narrowed,glyph/14/1/0/8/5,14,1,0,8,423,0.5,0.5 | 1,beam discounted uncertain,ink refused too_thin (0->1),-,too_thin,1
kept_to_narrowed,glyph/14/1/0/8/6,14,1,0,8,423,0.5,0.5 | 1,beam discounted uncertain,ink refused too_thin (0->1),-,too_thin,1
kept_to_narrowed,glyph/14/1/0/10/12,14,1,0,10,425,0.5,2 | 1 | 4,head fill from ink,ink refused too_thin (0->1),-,too_thin,1
kept_to_narrowed,glyph/14/1/0/10/13,14,1,0,10,425,0.5,0.5 | 1,beam discounted uncertain,ink refused too_thin (0->1) + stem side None->down,-,too_thin,1
kept_to_narrowed,glyph/14/1/0/10/16,14,1,0,10,425,0.5,0.5 | 1,beam discounted uncertain,ink refused too_thin (0->1) + stem side None->down,-,too_thin,1
kept_to_narrowed,glyph/14/1/1/1/3,14,1,1,1,416,0.5,0.5 | 1,beam discounted uncertain,ink refused through_heads (0->1),beams_by_stem 1->0,through_heads,1
kept_to_narrowed,glyph/14/1/1/2/2,14,1,1,2,417,0.5,0.5 | 1,beam discounted uncertain,ink refused through_heads (0->1),beams_by_stem 1->0,through_heads,1
kept_to_narrowed,glyph/14/1/1/6/1,14,1,1,6,421,0.5,0.5 | 1,beam discounted uncertain,ink refused through_heads (0->1),beams_by_stem 1->0,through_heads,1
kept_to_narrowed,glyph/14/1/1/7/0,14,1,1,7,422,0.5,0.5 | 1,beam discounted uncertain,ink refused through_heads (0->1),beams_by_stem 1->0,through_heads,1
kept_to_narrowed,glyph/14/1/2/1/0,14,1,2,1,416,0.5,0.5 | 1,beam discounted uncertain,ink refused through_heads (0->1),beams_by_stem 1->0,through_heads,1
kept_to_narrowed,glyph/14/1/3/16/0,14,1,3,16,431,0.5,0.5 | 1,beam discounted uncertain,ink refused too_thin (0->1),-,too_thin,1
kept_to_narrowed,glyph/14/1/3/16/2,14,1,3,16,431,0.5,0.5 | 1,beam discounted uncertain,ink refused too_thin (0->1),-,too_thin,1
kept_to_narrowed,glyph/14/1/4/16/2,14,1,4,16,431,0.5,0.5 | 1,beam discounted uncertain,ink refused through_heads (0->1),beams_by_stem 1->0,through_heads,1
kept_to_narrowed,glyph/14/1/6/4/0,14,1,6,4,419,0.5,0.5 | 1,beam discounted uncertain,ink refused too_thin (0->1),-,too_thin,1
kept_to_narrowed,glyph/14/1/6/4/1,14,1,6,4,419,0.5,0.5 | 1,beam discounted uncertain,ink refused too_thin (0->1),-,too_thin,1
kept_to_narrowed,glyph/14/1/6/5/1,14,1,6,5,420,0.5,0.5 | 1,beam discounted uncertain,ink refused too_thin (0->1),-,too_thin,1
kept_to_narrowed,glyph/14/1/6/5/2,14,1,6,5,420,0.5,0.5 | 1,beam discounted uncertain,ink refused too_thin (0->1),beams_by_stem 1->0,too_thin,1
kept_to_narrowed,glyph/14/1/6/9/1,14,1,6,9,424,0.5,0.5 | 1,beam discounted uncertain,ink refused too_thin (0->1),-,too_thin,1
kept_to_narrowed,glyph/14/1/6/9/3,14,1,6,9,424,0.5,0.5 | 1,beam discounted uncertain,ink refused too_thin (0->1),-,too_thin,1
kept_to_narrowed,glyph/14/1/8/12/2,14,1,8,12,427,0.5,0.5 | 1,beam discounted uncertain,ink refused too_thin (0->1),-,too_thin,1
kept_to_narrowed,glyph/14/1/9/12/8,14,1,9,12,427,0.5,0.5 | 1,beam discounted uncertain,ink refused too_thin (0->1),-,too_thin,1
kept_to_narrowed,glyph/15/0/0/9/5,15,0,0,9,441,0.25,0.5 | 1,beam discounted uncertain,ink refused through_heads/too_thin (0->2),beams_by_stem 2->0,through_heads/too_thin,2
kept_to_narrowed,glyph/15/0/0/10/3,15,0,0,10,442,0.5,0.5 | 1,beam discounted uncertain,ink refused through_heads (0->1),beams_by_stem 1->0,through_heads,1
kept_to_narrowed,glyph/15/0/2/15/2,15,0,2,15,447,1,1 | 0.5,beams ambiguous,no guard counter changed,beams_by_stem 0->1,,0
kept_to_narrowed,glyph/15/0/5/0/6,15,0,5,0,432,1,0.5 | 1,beam discounted uncertain,no guard counter changed,-,,0
kept_to_narrowed,glyph/15/0/5/14/0,15,0,5,14,446,0.5,0.5 | 1,beam discounted uncertain,ink refused through_heads (0->1),beams_by_stem 1->0,through_heads,1
kept_to_narrowed,glyph/15/0/5/14/1,15,0,5,14,446,0.5,0.5 | 1,beam discounted uncertain,ink refused through_heads (0->1),beams_by_stem 1->0,through_heads,1
kept_to_narrowed,glyph/15/0/8/20/1,15,0,8,20,452,0.5,0.5 | 1,beam discounted uncertain,ink refused through_heads (0->1),beams_by_stem 1->0,through_heads,1
kept_to_narrowed,glyph/15/1/0/2/0,15,1,0,2,456,0.5,0.5 | 1,beam discounted uncertain,far-side strokes 0->1 + stem side None->down,-,,1
kept_to_narrowed,glyph/15/1/0/2/4,15,1,0,2,456,0.5,0.5 | 1,beam discounted uncertain,far-side strokes 0->1 + stem side None->down,-,,1
kept_to_narrowed,glyph/15/1/0/2/5,15,1,0,2,456,0.5,0.5 | 1,beam discounted uncertain,ink refused too_thin (0->1),-,too_thin,1
kept_to_narrowed,glyph/15/1/0/2/10,15,1,0,2,456,0.5,0.5 | 1,beam discounted uncertain,ink refused too_thin (0->1),-,too_thin,1
kept_to_narrowed,glyph/15/1/0/3/1,15,1,0,3,457,0.25,0.5 | 1,beam discounted uncertain,ink refused too_thin (0->1) + far-side strokes 0->1 + stem side None->down,-,too_thin,2
kept_to_narrowed,glyph/15/1/0/3/2,15,1,0,3,457,0.25,0.5 | 1,beam discounted uncertain,ink refused too_thin (0->2),-,too_thin,2
kept_to_narrowed,glyph/15/1/0/3/4,15,1,0,3,457,0.25,0.5 | 1,beam discounted uncertain,ink refused too_thin (0->2),-,too_thin,2
kept_to_narrowed,glyph/15/1/0/3/6,15,1,0,3,457,0.25,0.5 | 1,beam discounted uncertain,ink refused too_thin (0->2),-,too_thin,2
kept_to_narrowed,glyph/15/1/0/12/0,15,1,0,12,466,0.25,0.5 | 1,beam discounted uncertain,ink refused through_heads/too_thin (0->2),beams_by_stem 2->0,through_heads/too_thin,2
kept_to_narrowed,glyph/15/1/0/17/3,15,1,0,17,471,1,1 | 0.5,beams ambiguous,no guard counter changed,beams_by_stem 0->1,,0
kept_to_narrowed,glyph/15/1/1/2/1,15,1,1,2,456,0.25,0.5 | 1,beam discounted uncertain,ink refused too_thin (0->1) + far-side strokes 0->1 + stem side None->down,-,too_thin,2
kept_to_narrowed,glyph/15/1/1/2/4,15,1,1,2,456,0.25,0.5 | 1,beam discounted uncertain,ink refused too_thin (0->1) + far-side strokes 0->1 + stem side None->down,-,too_thin,2
kept_to_narrowed,glyph/15/1/1/2/6,15,1,1,2,456,0.25,0.5 | 1,beam discounted uncertain,ink refused too_thin (0->2),-,too_thin,2
kept_to_narrowed,glyph/15/1/1/2/7,15,1,1,2,456,0.25,0.5 | 1,beam discounted uncertain,ink refused too_thin (0->2),-,too_thin,2
kept_to_narrowed,glyph/15/1/1/2/13,15,1,1,2,456,0.25,0.5 | 1,beam discounted uncertain,ink refused too_thin (0->1) + far-side strokes 0->1 + stem side None->down,-,too_thin,2
kept_to_narrowed,glyph/15/1/1/3/0,15,1,1,3,457,0.5,0.5 | 1,beam discounted uncertain,far-side strokes 0->1 + stem side None->down,-,,1
kept_to_narrowed,glyph/15/1/1/3/1,15,1,1,3,457,0.5,0.5 | 1,beam discounted uncertain,ink refused too_thin (0->1),-,too_thin,1
kept_to_narrowed,glyph/15/1/1/3/2,15,1,1,3,457,0.5,0.5 | 1,beam discounted uncertain,ink refused too_thin (0->1),-,too_thin,1
kept_to_narrowed,glyph/15/1/1/3/5,15,1,1,3,457,0.5,0.5 | 1,beam discounted uncertain,ink refused too_thin (0->1),-,too_thin,1
kept_to_narrowed,glyph/15/1/2/3/1,15,1,2,3,457,0.25,0.5 | 1,beam discounted uncertain,ink refused too_thin (0->2),-,too_thin,2
kept_to_narrowed,glyph/15/1/2/3/2,15,1,2,3,457,0.25,0.5 | 1,beam discounted uncertain,ink refused too_thin (0->2),-,too_thin,2
kept_to_narrowed,glyph/15/1/3/1/1,15,1,3,1,455,0.5,0.5 | 1,beam discounted uncertain,ink refused too_thin (0->1),beams_by_stem 1->0,too_thin,1
kept_to_narrowed,glyph/15/1/3/1/5,15,1,3,1,455,0.5,0.5 | 1,beam discounted uncertain,ink refused too_thin (0->1),beams_by_stem 1->0,too_thin,1
kept_to_narrowed,glyph/15/1/3/2/2,15,1,3,2,456,0.5,0.5 | 1,beam discounted uncertain,far-side strokes 0->1 + stem side None->down,-,,1
kept_to_narrowed,glyph/15/1/3/3/0,15,1,3,3,457,0.25,0.5 | 1,beam discounted uncertain,ink refused too_thin (0->2),-,too_thin,2
kept_to_narrowed,glyph/15/1/3/3/2,15,1,3,3,457,0.25,0.5 | 1,beam discounted uncertain,ink refused too_thin (0->2),-,too_thin,2
kept_to_narrowed,glyph/15/1/3/7/0,15,1,3,7,461,0.5,0.5 | 1,beam discounted uncertain,ink refused too_thin (0->1) + stem side None->down,-,too_thin,1
kept_to_narrowed,glyph/15/1/3/7/1,15,1,3,7,461,0.5,0.5 | 1,beam discounted uncertain,ink refused too_thin (0->1),-,too_thin,1
kept_to_narrowed,glyph/15/1/3/14/1,15,1,3,14,468,0.5,0.5 | 1,beam discounted uncertain,ink refused too_thin (0->1),-,too_thin,1
kept_to_narrowed,glyph/15/1/3/14/2,15,1,3,14,468,0.5,0.5 | 1,beam discounted uncertain,ink refused too_thin (0->1),-,too_thin,1
kept_to_narrowed,glyph/15/1/3/18/0,15,1,3,18,472,0.5,0.5 | 1,beam discounted uncertain,far-side strokes 0->1 + stem side None->down,-,,1
kept_to_narrowed,glyph/15/1/3/18/1,15,1,3,18,472,0.5,0.5 | 1,beam discounted uncertain,far-side strokes 0->1 + stem side None->down,-,,1
kept_to_narrowed,glyph/15/1/3/18/3,15,1,3,18,472,0.5,0.5 | 1,beam discounted uncertain,ink refused too_thin (0->1),-,too_thin,1
kept_to_narrowed,glyph/15/1/3/18/8,15,1,3,18,472,0.5,0.5 | 1,beam discounted uncertain,ink refused too_thin (0->1),-,too_thin,1
kept_to_narrowed,glyph/15/1/4/2/1,15,1,4,2,456,0.5,0.5 | 1,beam discounted uncertain,ink refused too_thin (0->1),-,too_thin,1
kept_to_narrowed,glyph/15/1/4/2/3,15,1,4,2,456,0.5,0.5 | 1,beam discounted uncertain,ink refused too_thin (0->1),-,too_thin,1
kept_to_narrowed,glyph/15/1/5/13/1,15,1,5,13,467,0.5,0.5 | 1,beam discounted uncertain,ink refused through_heads (0->1),beams_by_stem 1->0,through_heads,1
kept_to_narrowed,glyph/15/1/5/14/0,15,1,5,14,468,0.5,0.5 | 1,beam discounted uncertain,ink refused through_heads (0->1),beams_by_stem 1->0,through_heads,1
kept_to_narrowed,glyph/15/1/5/14/1,15,1,5,14,468,0.5,0.5 | 1,beam discounted uncertain,ink refused through_heads (0->1),beams_by_stem 1->0,through_heads,1
kept_to_narrowed,glyph/15/1/7/11/1,15,1,7,11,465,0.5,0.5 | 1,beam discounted uncertain,ink refused too_thin (0->1),beams_by_stem 1->0,too_thin,1
kept_to_narrowed,glyph/15/1/8/9/0,15,1,8,9,463,0.5,0.5 | 1,beam discounted uncertain,ink refused too_thin (0->1),-,too_thin,1
kept_to_narrowed,glyph/15/1/8/9/1,15,1,8,9,463,0.25,0.5 | 1,beam discounted uncertain,ink refused too_thin (0->2),-,too_thin,2
kept_to_narrowed,glyph/15/1/9/9/2,15,1,9,9,463,0.5,0.5 | 1,beam discounted uncertain,ink refused too_thin (0->1),-,too_thin,1
kept_to_narrowed,glyph/15/1/9/9/3,15,1,9,9,463,0.5,0.5 | 1,beam discounted uncertain,ink refused too_thin (0->1),-,too_thin,1
kept_to_narrowed,glyph/16/0/0/0/3,16,0,0,0,474,0.5,0.5 | 1,beam discounted uncertain,ink refused too_thin (0->1),beams_by_stem 1->0,too_thin,1
kept_to_narrowed,glyph/16/0/0/3/2,16,0,0,3,477,0.5,0.5 | 1,beam discounted uncertain,ink refused too_thin (0->1) + stem side None->down,-,too_thin,1
kept_to_narrowed,glyph/16/0/0/3/4,16,0,0,3,477,0.5,0.5 | 1,beam discounted uncertain,ink refused too_thin (0->1),-,too_thin,1
kept_to_narrowed,glyph/16/0/1/0/2,16,0,1,0,474,0.5,0.5 | 1,beam discounted uncertain,ink refused too_thin (0->2) + stem side None->down,-,too_thin,1
kept_to_narrowed,glyph/16/0/1/0/3,16,0,1,0,474,0.5,0.5 | 1,beam discounted uncertain,ink refused too_thin (0->2),-,too_thin,1
kept_to_narrowed,glyph/16/0/1/0/8,16,0,1,0,474,0.5,0.5 | 1,beam discounted uncertain,ink refused too_thin (0->2),-,too_thin,1
kept_to_narrowed,glyph/16/0/1/0/11,16,0,1,0,474,0.5,0.5 | 1,beam discounted uncertain,ink refused too_thin (0->2),-,too_thin,1
kept_to_narrowed,glyph/16/0/1/2/2,16,0,1,2,476,0.5,0.5 | 1,beam discounted uncertain,ink refused too_thin (0->2),beams_by_stem 1->0,too_thin,1
kept_to_narrowed,glyph/16/0/1/3/0,16,0,1,3,477,0.5,0.5 | 1,beam discounted uncertain,ink refused too_thin (0->1) + stem side None->down,-,too_thin,1
kept_to_narrowed,glyph/16/0/2/0/2,16,0,2,0,474,0.0625,0.5 | 1,beam discounted uncertain,ink refused too_thin (0->4),-,too_thin,4
kept_to_narrowed,glyph/16/0/2/0/4,16,0,2,0,474,0.0625,0.5 | 1,beam discounted uncertain,ink refused too_thin (0->4),-,too_thin,4
kept_to_narrowed,glyph/16/0/2/1/3,16,0,2,1,475,0.5,0.5 | 1,beam discounted uncertain,ink refused too_thin (0->1),-,too_thin,1
kept_to_narrowed,glyph/16/0/2/1/4,16,0,2,1,475,0.5,0.5 | 1,beam discounted uncertain,ink refused too_thin (0->1),-,too_thin,1
kept_to_narrowed,glyph/16/0/2/1/5,16,0,2,1,475,0.5,0.5 | 1,beam discounted uncertain,ink refused too_thin (0->1),-,too_thin,1
kept_to_narrowed,glyph/16/0/2/1/6,16,0,2,1,475,0.5,0.5 | 1,beam discounted uncertain,ink refused too_thin (0->1),-,too_thin,1
kept_to_narrowed,glyph/16/0/2/1/7,16,0,2,1,475,0.5,0.5 | 1,beam discounted uncertain,ink refused too_thin (0->1),-,too_thin,1
kept_to_narrowed,glyph/16/0/2/2/3,16,0,2,2,476,0.0625,0.5 | 1,beam discounted uncertain,ink refused too_thin (0->4),-,too_thin,4
kept_to_narrowed,glyph/16/0/2/2/6,16,0,2,2,476,0.0625,0.5 | 1,beam discounted uncertain,ink refused too_thin (0->4),-,too_thin,4
kept_to_narrowed,glyph/16/0/2/14/5,16,0,2,14,488,0.5,2 | 1 | 4,head fill from ink,ink refused too_thin (0->1),beams_by_stem 1->0,too_thin,1
kept_to_narrowed,glyph/16/0/3/0/2,16,0,3,0,474,0.125,0.5 | 1,beam discounted uncertain,ink refused too_thin (0->3),-,too_thin,3
kept_to_narrowed,glyph/16/0/3/0/5,16,0,3,0,474,0.125,0.5 | 1,beam discounted uncertain,ink refused too_thin (0->3),-,too_thin,3
kept_to_narrowed,glyph/16/0/4/2/1,16,0,4,2,476,0.5,0.5 | 1,beam discounted uncertain,ink refused too_thin (0->1),-,too_thin,1
kept_to_narrowed,glyph/16/0/4/2/2,16,0,4,2,476,0.5,0.5 | 1,beam discounted uncertain,ink refused too_thin (0->1),-,too_thin,1
kept_to_narrowed,glyph/16/1/0/7/6,16,1,0,7,498,0.5,0.5 | 1,beam discounted uncertain,ink refused too_thin (0->1) + stem side None->down,-,too_thin,1
kept_to_narrowed,glyph/16/1/0/7/7,16,1,0,7,498,0.5,0.5 | 1,beam discounted uncertain,ink refused too_thin (0->1) + stem side None->down,-,too_thin,1
kept_to_narrowed,glyph/16/1/0/7/8,16,1,0,7,498,0.5,0.5 | 1,beam discounted uncertain,ink refused too_thin (0->1) + stem side None->down,-,too_thin,1
kept_to_narrowed,glyph/16/1/0/7/10,16,1,0,7,498,0.5,0.5 | 1,beam discounted uncertain,ink refused too_thin (0->1),-,too_thin,1
kept_to_narrowed,glyph/16/1/0/7/12,16,1,0,7,498,0.5,0.5 | 1,beam discounted uncertain,ink refused too_thin (0->1),-,too_thin,1
kept_to_narrowed,glyph/16/1/0/7/14,16,1,0,7,498,0.5,0.5 | 1,beam discounted uncertain,ink refused too_thin (0->1),-,too_thin,1
kept_to_narrowed,glyph/16/1/2/3/0,16,1,2,3,494,0.5,0.5 | 1,beam discounted uncertain,ink refused one_stem (0->1),-,one_stem,1
kept_to_narrowed,glyph/16/1/2/3/3,16,1,2,3,494,0.5,0.5 | 1,beam discounted uncertain,ink refused one_stem (0->1),-,one_stem,1
kept_to_narrowed,glyph/16/1/2/3/7,16,1,2,3,494,0.5,0.5 | 1,beam discounted uncertain,ink refused one_stem (0->1),-,one_stem,1
kept_to_narrowed,glyph/16/1/3/3/1,16,1,3,3,494,0.25,0.5 | 1,beam discounted uncertain,ink refused one_stem/too_thin (0->2),-,one_stem/too_thin,2
kept_to_narrowed,glyph/16/1/3/3/5,16,1,3,3,494,0.25,0.5 | 1,beam discounted uncertain,ink refused one_stem/too_thin (0->2),-,one_stem/too_thin,2
kept_to_narrowed,glyph/16/1/4/2/10,16,1,4,2,493,0.5,0.5 | 1,beam discounted uncertain,ink refused too_thin (0->1),-,too_thin,1
kept_to_narrowed,glyph/16/1/5/14/0,16,1,5,14,505,0.5,0.5 | 1,beam discounted uncertain,ink refused through_heads (0->1),beams_by_stem 1->0,through_heads,1
kept_to_narrowed,glyph/16/1/10/0/8,16,1,10,0,491,1,2 | 1 | 4,head fill from ink,ink refused too_thin (0->1),-,too_thin,0
kept_to_narrowed,glyph/16/1/10/1/1,16,1,10,1,492,1,2 | 1 | 4,head fill from ink,ink refused too_thin (0->1),-,too_thin,0
kept_to_narrowed,glyph/16/1/10/11/0,16,1,10,11,502,0.5,0.5 | 1,beam discounted uncertain,ink refused too_thin (0->1),-,too_thin,1
narrowed_to_kept,glyph/2/0/0/5/6,2,0,0,5,22,0.125 | 0.0625,0.5,head_and_marks,tonight decided by `head_and_marks`; last night `beams_ambiguous`; ink refused no_stem_at_ends/through_heads (0->2),beams_by_stem 3->2,no_stem_at_ends/through_heads,
narrowed_to_kept,glyph/2/0/3/1/7,2,0,3,1,18,0.25 | 0.125,0.5,head_and_marks,tonight decided by `head_and_marks`; last night `beams_ambiguous`; ink refused through_heads (0->2),-,through_heads,
narrowed_to_kept,glyph/2/0/8/0/5,2,0,8,0,17,0.5 | 0.25,0.5,head_and_marks,tonight decided by `head_and_marks`; last night `beams_ambiguous`; ink refused through_heads (0->1),-,through_heads,
narrowed_to_kept,glyph/2/1/3/11/5,2,1,3,11,45,0.5 | 1,2,hollow_head_bare_stem,tonight decided by `hollow_head_bare_stem`; last night `beam_discounted_uncertain`; no guard counter changed,-,,
narrowed_to_kept,glyph/2/1/8/6/2,2,1,8,6,40,0.5 | 0.25,0.5,head_and_marks,tonight decided by `head_and_marks`; last night `beams_ambiguous`; ink refused through_heads (0->1) + stem side None->up,-,through_heads,
narrowed_to_kept,glyph/4/0/6/12/3,4,0,6,12,95,0.5 | 0.25,0.5,head_and_marks,tonight decided by `head_and_marks`; last night `beams_ambiguous`; far-side strokes 0->1 + stem side None->down,-,,
narrowed_to_kept,glyph/4/0/6/12/7,4,0,6,12,95,0.5 | 0.25,0.5,head_and_marks,tonight decided by `head_and_marks`; last night `beams_ambiguous`; ink refused through_heads (0->1),-,through_heads,
narrowed_to_kept,glyph/4/0/7/13/0,4,0,7,13,96,0.5 | 1,0.5,head_and_marks,tonight decided by `head_and_marks`; last night `beam_discounted_uncertain`; no guard counter changed,beams_by_stem 0->1,,
narrowed_to_kept,glyph/4/0/7/13/1,4,0,7,13,96,0.5 | 1,0.5,head_and_marks,tonight decided by `head_and_marks`; last night `beam_discounted_uncertain`; no guard counter changed,beams_by_stem 0->1,,
narrowed_to_kept,glyph/4/0/7/13/2,4,0,7,13,96,0.5 | 1,0.5,head_and_marks,tonight decided by `head_and_marks`; last night `beam_discounted_uncertain`; no guard counter changed,beams_by_stem 0->1,,
narrowed_to_kept,glyph/4/0/7/13/4,4,0,7,13,96,0.5 | 1,0.5,head_and_marks,tonight decided by `head_and_marks`; last night `beam_discounted_uncertain`; no guard counter changed,beams_by_stem 0->1,,
narrowed_to_kept,glyph/4/0/8/5/3,4,0,8,5,88,0.5 | 0.25,0.5,head_and_marks,tonight decided by `head_and_marks`; last night `beams_ambiguous`; ink refused through_heads (0->1),-,through_heads,
narrowed_to_kept,glyph/4/1/0/13/8,4,1,0,13,111,0.25 | 0.125,0.5,head_and_marks,tonight decided by `head_and_marks`; last night `beams_ambiguous`; ink refused through_heads (0->2),-,through_heads,
narrowed_to_kept,glyph/4/1/0/14/7,4,1,0,14,112,0.25 | 0.125,0.5,head_and_marks,tonight decided by `head_and_marks`; last night `beams_ambiguous`; ink refused through_heads (0->1),-,through_heads,
narrowed_to_kept,glyph/4/1/3/13/7,4,1,3,13,111,0.5 | 1,0.5,hooks_counted,tonight decided by `hooks_counted`; last night `flag_ink_unread`; no guard counter changed,-,,
narrowed_to_kept,glyph/4/1/3/14/11,4,1,3,14,112,0.25 | 0.125,0.5,head_and_marks,tonight decided by `head_and_marks`; last night `beams_ambiguous`; no guard counter changed,-,,
narrowed_to_kept,glyph/5/0/0/2/7,5,0,0,2,115,0.25 | 0.125,0.5,head_and_marks,tonight decided by `head_and_marks`; last night `beams_ambiguous`; ink refused through_heads/too_thin (0->3),-,through_heads/too_thin,
narrowed_to_kept,glyph/5/0/1/3/2,5,0,1,3,116,0.25 | 0.125,0.5,head_and_marks,tonight decided by `head_and_marks`; last night `beams_ambiguous`; ink refused through_heads (0->1),-,through_heads,
narrowed_to_kept,glyph/5/0/2/0/4,5,0,2,0,113,0.5 | 1,2,hollow_head_bare_stem,tonight decided by `hollow_head_bare_stem`; last night `beam_discounted_uncertain`; no guard counter changed,-,,
narrowed_to_kept,glyph/5/0/2/3/1,5,0,2,3,116,0.5 | 0.25,0.5,head_and_marks,tonight decided by `head_and_marks`; last night `beams_ambiguous`; ink refused through_heads (0->1),-,through_heads,
narrowed_to_kept,glyph/5/0/3/2/1,5,0,3,2,115,0.25 | 0.125,0.5,head_and_marks,tonight decided by `head_and_marks`; last night `beams_ambiguous`; ink refused through_heads (0->1),-,through_heads,
narrowed_to_kept,glyph/5/0/3/3/5,5,0,3,3,116,0.25 | 0.125,0.5,head_and_marks,tonight decided by `head_and_marks`; last night `beams_ambiguous`; no guard counter changed,-,,
narrowed_to_kept,glyph/5/0/3/8/0,5,0,3,8,121,0.25 | 0.125,0.5,head_and_marks,tonight decided by `head_and_marks`; last night `beams_ambiguous`; ink refused through_heads (0->1),-,through_heads,
narrowed_to_kept,glyph/5/1/3/7/1,5,1,3,7,137,0.25 | 0.125,0.25,head_and_marks,tonight decided by `head_and_marks`; last night `beams_ambiguous`; ink refused through_heads (0->1),-,through_heads,
narrowed_to_kept,glyph/5/1/5/6/5,5,1,5,6,136,0.5 | 0.25,0.5,head_and_marks,tonight decided by `head_and_marks`; last night `beams_ambiguous`; ink refused through_heads (0->1),-,through_heads,
narrowed_to_kept,glyph/6/0/3/7/1,6,0,3,7,152,0.25 | 0.125 | 0.0625,0.5,head_and_marks,tonight decided by `head_and_marks`; last night `beams_ambiguous`; ink refused through_heads (0->2),-,through_heads,
narrowed_to_kept,glyph/6/0/4/1/6,6,0,4,1,146,2 | 1 | 4,2,hollow_head_bare_stem,tonight decided by `hollow_head_bare_stem`; last night `head_fill_from_ink`; ink refused too_thin (0->1),-,too_thin,
narrowed_to_kept,glyph/6/0/8/12/2,6,0,8,12,157,1 | 0.5,0.5,head_and_marks,tonight decided by `head_and_marks`; last night `beams_ambiguous`; ink refused through_heads (0->1) + stem side None->down,-,through_heads,
narrowed_to_kept,glyph/6/1/0/1/6,6,1,0,1,159,0.5 | 0.25,0.5,head_and_marks,tonight decided by `head_and_marks`; last night `beams_ambiguous`; ink refused too_thin (0->1),-,too_thin,
narrowed_to_kept,glyph/6/1/0/7/2,6,1,0,7,165,0.5 | 0.25,0.5,head_and_marks,tonight decided by `head_and_marks`; last night `beams_ambiguous`; ink refused through_heads (0->1),-,through_heads,
narrowed_to_kept,glyph/6/1/3/5/2,6,1,3,5,163,0.5 | 0.25,0.5,head_and_marks,tonight decided by `head_and_marks`; last night `beams_ambiguous`; ink refused through_heads (0->1),-,through_heads,
narrowed_to_kept,glyph/6/1/3/7/2,6,1,3,7,165,0.5 | 0.25,0.5,head_and_marks,tonight decided by `head_and_marks`; last night `beams_ambiguous`; ink refused through_heads (0->1),-,through_heads,
narrowed_to_kept,glyph/7/0/3/4/8,7,0,3,4,176,0.25 | 0.125,0.25,head_and_marks,tonight decided by `head_and_marks`; last night `beams_ambiguous`; ink refused through_heads (0->1),-,through_heads,
narrowed_to_kept,glyph/7/0/9/1/3,7,0,9,1,173,0.5 | 0.25,0.5,head_and_marks,tonight decided by `head_and_marks`; last night `beams_ambiguous`; ink refused through_heads (0->1),-,through_heads,
narrowed_to_kept,glyph/7/1/0/7/5,7,1,0,7,196,0.125 | 0.0625,0.5,head_and_marks,tonight decided by `head_and_marks`; last night `beams_ambiguous`; ink refused through_heads/too_thin (0->2),beams_by_stem 3->2,through_heads/too_thin,
narrowed_to_kept,glyph/8/1/0/0/6,8,1,0,0,229,0.25 | 0.125,0.5,head_and_marks,tonight decided by `head_and_marks`; last night `beams_ambiguous`; no guard counter changed,-,,
narrowed_to_kept,glyph/8/1/1/17/0,8,1,1,17,246,0.125 | 0.0625,0.5,head_and_marks,tonight decided by `head_and_marks`; last night `beams_ambiguous`; ink refused through_heads (0->4),beams_by_stem 3->2,through_heads,
narrowed_to_kept,glyph/8/1/1/17/4,8,1,1,17,246,0.125 | 0.0625,0.5,head_and_marks,tonight decided by `head_and_marks`; last night `beams_ambiguous`; ink refused through_heads (0->4),beams_by_stem 3->2,through_heads,
narrowed_to_kept,glyph/8/1/1/17/6,8,1,1,17,246,0.125 | 0.0625 | 0.03125,0.5,head_and_marks,tonight decided by `head_and_marks`; last night `beams_ambiguous`; ink refused through_heads (0->4),beams_by_stem 3->2,through_heads,
narrowed_to_kept,glyph/8/1/1/18/3,8,1,1,18,247,0.125 | 0.0625,0.5,head_and_marks,tonight decided by `head_and_marks`; last night `beams_ambiguous`; ink refused through_heads (0->3),beams_by_stem 3->2,through_heads,
narrowed_to_kept,glyph/8/1/1/18/6,8,1,1,18,247,0.125 | 0.0625,0.5,head_and_marks,tonight decided by `head_and_marks`; last night `beams_ambiguous`; ink refused through_heads (0->3),beams_by_stem 3->2,through_heads,
narrowed_to_kept,glyph/8/1/2/0/4,8,1,2,0,229,0.25 | 0.125,0.5,head_and_marks,tonight decided by `head_and_marks`; last night `beams_ambiguous`; no guard counter changed,-,,
narrowed_to_kept,glyph/8/1/3/4/2,8,1,3,4,233,2 | 1 | 4,2,hollow_head_bare_stem,tonight decided by `hollow_head_bare_stem`; last night `head_fill_from_ink`; no guard counter changed,-,,
narrowed_to_kept,glyph/8/1/4/16/1,8,1,4,16,245,0.25 | 0.125,0.5,head_and_marks,tonight decided by `head_and_marks`; last night `beams_ambiguous`; ink refused through_heads (0->2),-,through_heads,
narrowed_to_kept,glyph/8/1/9/0/7,8,1,9,0,229,0.5 | 1,0.5,hooks_counted,tonight decided by `hooks_counted`; last night `flag_ink_unread`; no guard counter changed,-,,
narrowed_to_kept,glyph/8/1/9/14/0,8,1,9,14,243,0.5 | 1,0.5,hooks_counted,tonight decided by `hooks_counted`; last night `flag_ink_unread`; no guard counter changed,-,,
narrowed_to_kept,glyph/8/1/9/17/2,8,1,9,17,246,0.5 | 1,0.5,hooks_counted,tonight decided by `hooks_counted`; last night `flag_ink_unread`; no guard counter changed,-,,
narrowed_to_kept,glyph/8/1/9/18/0,8,1,9,18,247,0.5 | 1,0.5,hooks_counted,tonight decided by `hooks_counted`; last night `flag_ink_unread`; no guard counter changed,-,,
narrowed_to_kept,glyph/9/0/4/1/7,9,0,4,1,249,0.25 | 0.125,0.5,head_and_marks,tonight decided by `head_and_marks`; last night `beams_ambiguous`; ink refused through_heads (0->1),-,through_heads,
narrowed_to_kept,glyph/9/0/7/12/3,9,0,7,12,260,0.5 | 1,0.5,hooks_counted,tonight decided by `hooks_counted`; last night `flag_ink_unread`; no guard counter changed,-,,
narrowed_to_kept,glyph/9/1/1/0/8,9,1,1,0,263,2 | 1 | 4,2,hollow_head_bare_stem,tonight decided by `hollow_head_bare_stem`; last night `head_fill_from_ink`; ink refused too_thin (0->1),-,too_thin,
narrowed_to_kept,glyph/10/0/9/0/2,10,0,9,0,275,0.5 | 1,0.5,hooks_counted,tonight decided by `hooks_counted`; last night `flag_ink_unread`; no guard counter changed,-,,
narrowed_to_kept,glyph/10/1/7/8/4,10,1,7,8,297,0.5 | 1,0.5,hooks_counted,tonight decided by `hooks_counted`; last night `flag_ink_unread`; no guard counter changed,-,,
narrowed_to_kept,glyph/10/1/9/8/8,10,1,9,8,297,0.5 | 1,0.5,hooks_counted,tonight decided by `hooks_counted`; last night `flag_ink_unread`; no guard counter changed,-,,
narrowed_to_kept,glyph/10/1/9/8/10,10,1,9,8,297,0.5 | 1,0.5,hooks_counted,tonight decided by `hooks_counted`; last night `flag_ink_unread`; no guard counter changed,-,,
narrowed_to_kept,glyph/10/1/10/9/5,10,1,10,9,298,0.5 | 1,0.5,hooks_counted,tonight decided by `hooks_counted`; last night `flag_ink_unread`; no guard counter changed,-,,
narrowed_to_kept,glyph/10/1/10/10/0,10,1,10,10,299,0.5 | 1,0.5,hooks_counted,tonight decided by `hooks_counted`; last night `flag_ink_unread`; no guard counter changed,-,,
narrowed_to_kept,glyph/11/1/0/9/3,11,1,0,9,331,0.25 | 0.125,0.25,head_and_marks,tonight decided by `head_and_marks`; last night `beams_ambiguous`; ink refused too_thin (0->1),-,too_thin,
narrowed_to_kept,glyph/11/1/3/11/4,11,1,3,11,333,0.5 | 1,2,hollow_head_bare_stem,tonight decided by `hollow_head_bare_stem`; last night `beam_discounted_uncertain`; no guard counter changed,-,,
narrowed_to_kept,glyph/12/0/2/3/11,12,0,2,3,342,2 | 1 | 4,2,hollow_head_bare_stem,tonight decided by `hollow_head_bare_stem`; last night `head_fill_from_ink`; no guard counter changed,-,,
narrowed_to_kept,glyph/12/1/1/10/3,12,1,1,10,364,0.5 | 0.25,0.5,head_and_marks,tonight decided by `head_and_marks`; last night `beams_ambiguous`; ink refused through_heads (0->1),beams_by_stem 1->2,through_heads,
narrowed_to_kept,glyph/12/1/1/11/6,12,1,1,11,365,0.25 | 0.125,0.5,head_and_marks,tonight decided by `head_and_marks`; last night `beams_ambiguous`; ink refused through_heads (0->1),-,through_heads,
narrowed_to_kept,glyph/12/1/7/1/6,12,1,7,1,355,0.5 | 0.25,0.5,head_and_marks,tonight decided by `head_and_marks`; last night `beams_ambiguous`; ink refused through_heads (0->1),-,through_heads,
narrowed_to_kept,glyph/12/1/8/0/6,12,1,8,0,354,0.5 | 1,0.5,hooks_counted,tonight decided by `hooks_counted`; last night `flag_ink_unread`; ink refused through_heads (0->1),-,through_heads,
narrowed_to_kept,glyph/12/1/8/0/10,12,1,8,0,354,0.5 | 0.25,0.5,head_and_marks,tonight decided by `head_and_marks`; last night `beams_ambiguous`; ink refused through_heads (0->1),-,through_heads,
narrowed_to_kept,glyph/12/1/8/2/2,12,1,8,2,356,0.5 | 0.25,0.5,head_and_marks,tonight decided by `head_and_marks`; last night `beam_certain_not_joined`; ink refused through_heads (0->1),beams_by_stem 2->1,through_heads,
narrowed_to_kept,glyph/12/1/9/12/4,12,1,9,12,366,0.5 | 1,0.5,hooks_counted,tonight decided by `hooks_counted`; last night `flag_ink_unread`; no guard counter changed,-,,
narrowed_to_kept,glyph/12/1/10/12/5,12,1,10,12,366,0.5 | 1,0.5,hooks_counted,tonight decided by `hooks_counted`; last night `flag_ink_unread`; no guard counter changed,-,,
narrowed_to_kept,glyph/13/0/0/1/2,13,0,0,1,368,0.25 | 0.125,0.5,head_and_marks,tonight decided by `head_and_marks`; last night `beams_ambiguous`; ink refused through_heads (0->1),-,through_heads,
narrowed_to_kept,glyph/13/0/1/1/0,13,0,1,1,368,0.25 | 0.125,0.5,head_and_marks,tonight decided by `head_and_marks`; last night `beams_ambiguous`; ink refused through_heads (0->3),-,through_heads,
narrowed_to_kept,glyph/13/0/1/1/1,13,0,1,1,368,0.125 | 0.0625,0.5,head_and_marks,tonight decided by `head_and_marks`; last night `beams_ambiguous`; ink refused through_heads (0->3),beams_by_stem 3->2,through_heads,
narrowed_to_kept,glyph/13/0/1/2/4,13,0,1,2,369,0.25 | 0.125,0.5,head_and_marks,tonight decided by `head_and_marks`; last night `beams_ambiguous`; ink refused through_heads (0->2),-,through_heads,
narrowed_to_kept,glyph/13/0/1/2/6,13,0,1,2,369,0.25 | 0.125,0.5,head_and_marks,tonight decided by `head_and_marks`; last night `beams_ambiguous`; ink refused through_heads (0->2),-,through_heads,
narrowed_to_kept,glyph/13/0/2/3/0,13,0,2,3,370,0.5 | 1,0.5,hooks_counted,tonight decided by `hooks_counted`; last night `flag_ink_unread`; no guard counter changed,-,,
narrowed_to_kept,glyph/13/0/2/3/15,13,0,2,3,370,0.5 | 1,0.5,hooks_counted,tonight decided by `hooks_counted`; last night `flag_ink_unread`; no guard counter changed,-,,
narrowed_to_kept,glyph/13/0/3/0/6,13,0,3,0,367,0.125 | 0.0625,0.5,head_and_marks,tonight decided by `head_and_marks`; last night `beams_ambiguous`; ink refused through_heads (0->1),beams_by_stem 3->2,through_heads,
narrowed_to_kept,glyph/13/0/9/3/1,13,0,9,3,370,0.5 | 0.25,0.5,head_and_marks,tonight decided by `head_and_marks`; last night `beams_ambiguous`; ink refused through_heads (0->1),-,through_heads,
narrowed_to_kept,glyph/13/0/10/3/5,13,0,10,3,370,0.5 | 1,0.5,hooks_counted,tonight decided by `hooks_counted`; last night `flag_ink_unread`; no guard counter changed,-,,
narrowed_to_kept,glyph/13/0/10/8/5,13,0,10,8,375,0.5 | 1,2,hollow_head_bare_stem,tonight decided by `hollow_head_bare_stem`; last night `beam_discounted_uncertain`; no guard counter changed,-,,
narrowed_to_kept,glyph/13/1/0/15/2,13,1,0,15,398,0.125 | 0.0625,0.5,head_and_marks,tonight decided by `head_and_marks`; last night `beams_ambiguous`; ink refused through_heads (0->2),beams_by_stem 3->2,through_heads,
narrowed_to_kept,glyph/13/1/0/15/4,13,1,0,15,398,0.125 | 0.0625,0.5,head_and_marks,tonight decided by `head_and_marks`; last night `beams_ambiguous`; ink refused through_heads (0->2),beams_by_stem 3->2,through_heads,
narrowed_to_kept,glyph/14/0/7/6/0,14,0,7,6,406,0.5 | 0.25,0.5,head_and_marks,tonight decided by `head_and_marks`; last night `beams_ambiguous`; ink refused through_heads (0->1),-,through_heads,
narrowed_to_kept,glyph/14/1/10/15/1,14,1,10,15,430,2 | 1 | 4,2,hollow_head_bare_stem,tonight decided by `hollow_head_bare_stem`; last night `head_fill_from_ink`; no guard counter changed,-,,
narrowed_to_kept,glyph/16/0/3/2/4,16,0,3,2,476,0.5 | 0.25 | 0.125,0.5,head_and_marks,tonight decided by `head_and_marks`; last night `beams_ambiguous`; ink refused too_thin (0->2),-,too_thin,
narrowed_to_kept,glyph/16/0/3/2/6,16,0,3,2,476,0.5 | 0.25 | 0.125,0.5,head_and_marks,tonight decided by `head_and_marks`; last night `beams_ambiguous`; ink refused too_thin (0->2),-,too_thin,
narrowed_to_kept,glyph/16/0/5/9/1,16,0,5,9,483,1 | 0.5,2,hollow_head_bare_stem,tonight decided by `hollow_head_bare_stem`; last night `beams_ambiguous`; ink refused too_thin (0->1),-,too_thin,
narrowed_to_kept,glyph/16/0/8/15/2,16,0,8,15,489,0.5 | 1,0.5,hooks_counted,tonight decided by `hooks_counted`; last night `flag_ink_unread`; no guard counter changed,-,,
narrowed_to_kept,glyph/16/0/9/2/1,16,0,9,2,476,0.5 | 1,0.5,hooks_counted,tonight decided by `hooks_counted`; last night `flag_ink_unread`; ink refused too_thin (0->1),-,too_thin,
narrowed_to_kept,glyph/16/1/8/2/0,16,1,8,2,493,0.5 | 1,0.5,hooks_counted,tonight decided by `hooks_counted`; last night `flag_ink_unread`; no guard counter changed,-,,
