key,tip,stroke_at_tip,dots,ink_why,final_stage,final_decider,final_outcome,final_level
glyph/1/0/3/8/5,no_stem,,0,"{""through_heads"": 1}",EVALUATE,reconcile_chord_duration,decided,0
glyph/1/0/7/1/1,clean,True,0,"{""too_thin"": 1}",ADJUDICATE,adjudicate_duration,narrowed,
glyph/2/0/2/1/1,occupied,False,0,{},ADJUDICATE,adjudicate_duration,narrowed,
glyph/2/0/2/1/3,no_stem,,0,{},ADJUDICATE,adjudicate_duration,narrowed,
glyph/2/0/2/1/11,no_stem,,0,{},ADJUDICATE,adjudicate_duration,narrowed,
glyph/2/0/7/10/3,clean,False,0,{},ADJUDICATE,adjudicate_duration,narrowed,
glyph/2/0/8/0/3,no_side,,0,"{""through_heads"": 1}",EVALUATE,reconcile_duration,decided,1
glyph/2/0/9/1/0,occupied,False,1,{},ADJUDICATE,adjudicate_duration,narrowed,
glyph/2/0/9/1/3,occupied,False,0,{},EVALUATE,reconcile_chord_duration,decided,0
glyph/2/1/4/1/0,no_stem,,0,"{""too_thin"": 1}",ADJUDICATE,adjudicate_duration,narrowed,
glyph/2/1/4/1/3,no_stem,,0,"{""too_thin"": 1}",ADJUDICATE,adjudicate_duration,narrowed,
glyph/2/1/5/9/2,clean,False,0,"{""too_thin"": 1}",ADJUDICATE,adjudicate_duration,narrowed,
glyph/2/1/5/9/7,clean,False,0,"{""too_thin"": 1}",ADJUDICATE,adjudicate_duration,narrowed,
glyph/2/1/5/13/0,occupied,False,0,{},ADJUDICATE,adjudicate_duration,narrowed,
glyph/2/1/5/13/1,no_stem,,0,{},ADJUDICATE,adjudicate_duration,narrowed,
glyph/2/1/5/13/4,occupied,False,0,{},ADJUDICATE,adjudicate_duration,narrowed,
glyph/2/1/6/9/10,occupied,False,0,{},EVALUATE,reconcile_duration,decided,0
glyph/2/1/7/11/2,other_abst,False,0,"{""through_heads"": 1, ""too_thin"": 1}",EVALUATE,reconcile_duration,decided,1
glyph/2/1/10/3/2,occupied,False,0,{},EVALUATE,reconcile_duration,decided,0
glyph/2/1/10/4/7,clean,False,0,{},EVALUATE,reconcile_duration,decided,0
glyph/2/1/10/5/7,occupied,False,0,{},EVALUATE,reconcile_duration,decided,0
glyph/2/1/8/2/7,clean,False,0,{},EVALUATE,share_stem_value,decided,0
glyph/3/0/0/5/6,no_stem,,0,"{""too_thin"": 2}",ADJUDICATE,adjudicate_duration,narrowed,
glyph/3/0/2/4/4,no_stem,,0,"{""too_thin"": 1}",ADJUDICATE,adjudicate_duration,narrowed,
glyph/3/0/3/2/2,no_stem,,0,"{""too_thin"": 1}",ADJUDICATE,adjudicate_duration,narrowed,
glyph/3/0/3/2/9,no_stem,,0,"{""too_thin"": 1}",ADJUDICATE,adjudicate_duration,narrowed,
glyph/3/0/4/2/0,no_stem,,0,"{""too_thin"": 1}",ADJUDICATE,adjudicate_duration,narrowed,
glyph/3/0/7/15/1,clean,False,0,{},EVALUATE,reconcile_duration,decided,0
glyph/3/0/9/3/1,no_stem,,0,"{""one_stem"": 1}",ADJUDICATE,adjudicate_duration,narrowed,
glyph/3/0/9/3/4,no_stem,,0,"{""one_stem"": 1}",ADJUDICATE,adjudicate_duration,narrowed,
glyph/3/0/9/3/5,no_stem,,0,"{""one_stem"": 1}",ADJUDICATE,adjudicate_duration,narrowed,
glyph/3/0/9/3/7,no_stem,,0,"{""one_stem"": 1}",ADJUDICATE,adjudicate_duration,narrowed,
glyph/3/0/9/3/8,no_stem,,0,"{""one_stem"": 1}",ADJUDICATE,adjudicate_duration,narrowed,
glyph/3/0/9/3/10,no_stem,,0,"{""one_stem"": 1}",ADJUDICATE,adjudicate_duration,narrowed,
glyph/3/0/9/3/11,no_stem,,0,"{""one_stem"": 1}",ADJUDICATE,adjudicate_duration,narrowed,
glyph/3/1/1/4/1,clean,True,0,"{""too_thin"": 1}",ADJUDICATE,adjudicate_duration,narrowed,
glyph/3/1/1/4/2,clean,True,0,{},ADJUDICATE,adjudicate_duration,narrowed,
glyph/3/1/4/11/0,clean,False,0,{},ADJUDICATE,adjudicate_duration,narrowed,
glyph/3/1/4/11/3,clean,False,0,{},ADJUDICATE,adjudicate_duration,narrowed,
glyph/3/1/4/13/0,no_stem,,0,"{""too_thin"": 1}",ADJUDICATE,adjudicate_duration,narrowed,
glyph/3/1/4/13/2,no_stem,,0,"{""too_thin"": 1}",ADJUDICATE,adjudicate_duration,narrowed,
glyph/4/0/0/12/1,no_stem,,0,{},EVALUATE,reconcile_duration,decided,0
glyph/4/0/1/10/1,occupied,False,0,"{""through_heads"": 1}",EVALUATE,reconcile_duration,decided,0
glyph/4/0/1/12/0,no_stem,,0,{},ADJUDICATE,adjudicate_duration,narrowed,
glyph/4/0/1/12/1,no_stem,,0,{},ADJUDICATE,adjudicate_duration,narrowed,
glyph/4/0/4/3/8,clean,False,0,{},EVALUATE,reconcile_chord_duration,decided,0
glyph/4/0/4/7/3,clean,True,0,{},ADJUDICATE,adjudicate_duration,narrowed,
glyph/4/0/6/6/0,occupied,False,0,{},ADJUDICATE,adjudicate_duration,narrowed,
glyph/4/0/6/6/1,clean,False,0,{},ADJUDICATE,adjudicate_duration,narrowed,
glyph/4/0/6/10/0,no_stem,,0,"{""too_thin"": 1}",ADJUDICATE,adjudicate_duration,narrowed,
glyph/4/0/6/10/1,clean,True,0,"{""too_thin"": 1}",ADJUDICATE,adjudicate_duration,narrowed,
glyph/4/0/7/0/1,occupied,False,0,{},ADJUDICATE,adjudicate_duration,narrowed,
glyph/4/0/7/0/9,occupied,False,0,{},ADJUDICATE,adjudicate_duration,narrowed,
glyph/4/0/7/2/0,occupied,False,0,{},ADJUDICATE,adjudicate_duration,narrowed,
glyph/4/0/7/2/1,occupied,False,0,{},ADJUDICATE,adjudicate_duration,narrowed,
glyph/4/0/8/2/1,clean,False,0,"{""too_thin"": 1}",ADJUDICATE,adjudicate_duration,narrowed,
glyph/4/0/8/2/3,occupied,False,0,"{""too_thin"": 1}",ADJUDICATE,adjudicate_duration,narrowed,
glyph/4/0/8/4/7,clean,False,0,"{""too_thin"": 1}",EVALUATE,reconcile_duration,decided,0
glyph/4/0/8/6/0,no_stem,,0,"{""too_thin"": 2}",ADJUDICATE,adjudicate_duration,narrowed,
glyph/4/0/8/8/0,no_stem,,0,"{""too_thin"": 1}",EVALUATE,reconcile_duration,decided,0
glyph/4/0/9/0/1,no_stem,,0,"{""too_thin"": 1}",ADJUDICATE,adjudicate_duration,narrowed,
glyph/4/0/9/4/0,clean,False,0,{},INFER,infer:collapse_duration_to_barline,decided,0
glyph/4/0/9/4/1,clean,False,0,{},ADJUDICATE,adjudicate_duration,narrowed,
glyph/4/0/9/5/3,occupied,False,0,"{""too_thin"": 1}",ADJUDICATE,adjudicate_duration,narrowed,
glyph/4/0/9/5/8,occupied,False,0,"{""too_thin"": 1}",ADJUDICATE,adjudicate_duration,narrowed,
glyph/4/0/9/7/2,occupied,False,0,{},ADJUDICATE,adjudicate_duration,narrowed,
glyph/4/0/9/7/3,occupied,False,0,{},ADJUDICATE,adjudicate_duration,narrowed,
glyph/4/0/9/10/3,clean,False,0,{},ADJUDICATE,adjudicate_duration,narrowed,
glyph/4/0/9/10/5,occupied,False,0,{},ADJUDICATE,adjudicate_duration,narrowed,
glyph/4/1/3/3/0,no_stem,,0,"{""through_heads"": 1}",EVALUATE,reconcile_duration,decided,0
glyph/4/1/3/5/0,occupied,False,0,{},ADJUDICATE,adjudicate_duration,narrowed,
glyph/4/1/3/5/3,no_stem,,0,{},ADJUDICATE,adjudicate_duration,narrowed,
glyph/4/1/3/5/4,occupied,False,0,{},ADJUDICATE,adjudicate_duration,narrowed,
glyph/4/1/7/7/7,occupied,True,0,"{""through_heads"": 1}",EVALUATE,reconcile_chord_duration,decided,1
glyph/4/1/8/13/4,clean,True,0,"{""too_thin"": 2}",ADJUDICATE,adjudicate_duration,narrowed,
glyph/4/1/9/0/6,clean,False,0,{},EVALUATE,reconcile_duration,decided,0
glyph/4/1/10/8/4,clean,False,0,{},ADJUDICATE,adjudicate_duration,narrowed,
glyph/4/1/10/8/5,clean,False,0,{},ADJUDICATE,adjudicate_duration,narrowed,
glyph/4/1/10/13/9,occupied,False,0,{},ADJUDICATE,adjudicate_duration,narrowed,
glyph/5/0/1/0/7,no_stem,,0,"{""through_heads"": 1}",EVALUATE,reconcile_duration,decided,0
glyph/5/0/3/15/5,no_stem,,0,"{""too_thin"": 1}",EVALUATE,reconcile_chord_duration,decided,0
glyph/5/0/5/4/3,no_stem,,0,"{""too_thin"": 1}",EVALUATE,reconcile_duration,decided,1
glyph/5/0/6/1/3,clean,False,0,{},ADJUDICATE,adjudicate_duration,narrowed,
glyph/5/0/6/3/2,clean,True,0,"{""too_thin"": 1}",EVALUATE,reconcile_chord_duration,decided,0
glyph/5/0/7/4/1,hook_seen,False,0,"{""too_thin"": 1}",ADJUDICATE,adjudicate_duration,narrowed,
glyph/5/1/0/9/5,no_stem,,0,"{""too_thin"": 2}",ADJUDICATE,adjudicate_duration,narrowed,
glyph/5/1/0/11/10,no_side,,0,"{""through_heads"": 1}",ADJUDICATE,adjudicate_duration,narrowed,
glyph/5/1/0/12/2,no_stem,,0,"{""too_thin"": 1}",ADJUDICATE,adjudicate_duration,narrowed,
glyph/5/1/0/12/4,no_stem,,0,"{""too_thin"": 1}",ADJUDICATE,adjudicate_duration,narrowed,
glyph/5/1/5/13/0,occupied,False,0,"{""too_thin"": 1}",ADJUDICATE,adjudicate_duration,narrowed,
glyph/5/1/5/13/4,clean,False,0,"{""too_thin"": 1}",ADJUDICATE,adjudicate_duration,narrowed,
glyph/5/1/5/14/3,no_stem,,0,"{""too_thin"": 2}",ADJUDICATE,adjudicate_duration,narrowed,
glyph/5/1/5/14/6,clean,False,0,"{""too_thin"": 1}",ADJUDICATE,adjudicate_duration,narrowed,
glyph/5/0/5/15/3,clean,False,0,"{""too_thin"": 1}",ADJUDICATE,adjudicate_duration,narrowed,
glyph/5/1/1/9/7,no_stem,,0,"{""too_thin"": 1}",EVALUATE,reconcile_duration,decided,1
glyph/6/0/0/8/0,occupied,True,0,"{""too_thin"": 1}",ADJUDICATE,adjudicate_duration,narrowed,
glyph/6/0/0/8/2,occupied,True,0,"{""too_thin"": 1}",ADJUDICATE,adjudicate_duration,narrowed,
glyph/6/0/0/8/5,occupied,True,0,"{""too_thin"": 1}",ADJUDICATE,adjudicate_duration,narrowed,
glyph/6/0/0/8/9,no_stem,,0,"{""too_thin"": 1}",ADJUDICATE,adjudicate_duration,narrowed,
glyph/6/0/5/6/0,no_stem,,0,{},ADJUDICATE,adjudicate_duration,narrowed,
glyph/6/0/5/6/2,occupied,False,0,{},ADJUDICATE,adjudicate_duration,narrowed,
glyph/6/0/5/7/0,clean,False,0,"{""too_thin"": 1}",ADJUDICATE,adjudicate_duration,narrowed,
glyph/6/0/5/7/1,occupied,False,0,"{""too_thin"": 1}",ADJUDICATE,adjudicate_duration,narrowed,
glyph/6/0/6/6/0,occupied,False,0,{},ADJUDICATE,adjudicate_duration,narrowed,
glyph/6/0/6/6/1,clean,False,0,{},ADJUDICATE,adjudicate_duration,narrowed,
glyph/6/0/8/12/0,clean,True,0,"{""through_heads"": 1}",EVALUATE,reconcile_chord_duration,decided,1
glyph/6/1/0/10/9,occupied,False,0,{},ADJUDICATE,adjudicate_duration,narrowed,
glyph/6/1/0/10/11,no_stem,,0,{},ADJUDICATE,adjudicate_duration,narrowed,
glyph/6/1/0/11/2,no_stem,,0,"{""too_thin"": 1}",ADJUDICATE,adjudicate_duration,narrowed,
glyph/6/1/0/11/4,no_stem,,0,"{""too_thin"": 2}",ADJUDICATE,adjudicate_duration,narrowed,
glyph/6/1/0/12/2,no_stem,,0,"{""too_thin"": 1}",ADJUDICATE,adjudicate_duration,narrowed,
glyph/6/1/0/12/4,no_stem,,0,"{""too_thin"": 1}",ADJUDICATE,adjudicate_duration,narrowed,
glyph/6/1/1/9/1,clean,True,0,{},ADJUDICATE,adjudicate_duration,narrowed,
glyph/6/1/1/9/2,occupied,True,0,"{""too_thin"": 1}",ADJUDICATE,adjudicate_duration,narrowed,
glyph/6/1/1/9/4,occupied,True,0,"{""too_thin"": 1}",ADJUDICATE,adjudicate_duration,narrowed,
glyph/6/1/1/11/1,occupied,True,0,"{""too_thin"": 1}",EVALUATE,share_stem_value,decided,0
glyph/6/1/1/11/2,occupied,True,0,"{""too_thin"": 1}",EVALUATE,share_stem_value,decided,0
glyph/6/1/2/10/3,no_stem,,0,"{""too_thin"": 1}",ADJUDICATE,adjudicate_duration,narrowed,
glyph/6/1/2/10/6,no_stem,,0,"{""too_thin"": 1}",ADJUDICATE,adjudicate_duration,narrowed,
glyph/6/1/2/10/9,no_stem,,0,"{""too_thin"": 1}",ADJUDICATE,adjudicate_duration,narrowed,
glyph/6/1/3/4/1,occupied,False,0,{},EVALUATE,reconcile_duration,decided,0
glyph/6/1/3/6/2,clean,False,0,{},EVALUATE,reconcile_duration,decided,0
glyph/6/1/3/8/2,clean,False,0,{},ADJUDICATE,adjudicate_duration,narrowed,
glyph/6/1/3/8/4,clean,False,0,{},ADJUDICATE,adjudicate_duration,narrowed,
glyph/6/1/3/11/1,no_stem,,0,"{""too_thin"": 1}",ADJUDICATE,adjudicate_duration,narrowed,
glyph/6/1/5/2/4,no_stem,,0,"{""through_heads"": 1}",EVALUATE,reconcile_duration,decided,0
glyph/6/1/5/10/3,clean,False,0,"{""too_thin"": 1}",ADJUDICATE,adjudicate_duration,narrowed,
glyph/6/1/5/10/9,clean,False,0,"{""too_thin"": 1}",ADJUDICATE,adjudicate_duration,narrowed,
glyph/6/1/5/11/1,no_stem,,0,{},ADJUDICATE,adjudicate_duration,narrowed,
glyph/6/1/6/6/0,clean,True,0,"{""too_thin"": 1}",EVALUATE,reconcile_duration,decided,0
glyph/6/1/7/1/1,clean,False,0,{},EVALUATE,reconcile_duration,decided,0
glyph/6/1/8/3/1,occupied,False,0,{},EVALUATE,reconcile_duration,decided,0
glyph/7/0/0/1/11,no_stem,,0,{},ADJUDICATE,adjudicate_duration,narrowed,
glyph/7/0/0/2/2,clean,False,0,{},ADJUDICATE,adjudicate_duration,narrowed,
glyph/7/0/1/0/1,no_stem,,0,"{""no_stem_at_ends"": 1}",ADJUDICATE,adjudicate_duration,narrowed,
glyph/7/0/1/0/2,no_stem,,0,"{""no_stem_at_ends"": 1}",ADJUDICATE,adjudicate_duration,narrowed,
glyph/7/0/1/0/4,no_stem,,0,"{""no_stem_at_ends"": 1}",ADJUDICATE,adjudicate_duration,narrowed,
glyph/7/0/1/0/7,no_stem,,0,"{""no_stem_at_ends"": 1}",ADJUDICATE,adjudicate_duration,narrowed,
glyph/7/0/1/0/8,no_stem,,0,"{""no_stem_at_ends"": 1}",ADJUDICATE,adjudicate_duration,narrowed,
glyph/7/0/1/0/9,no_stem,,0,"{""no_stem_at_ends"": 1}",ADJUDICATE,adjudicate_duration,narrowed,
glyph/7/0/1/0/14,no_stem,,0,"{""no_stem_at_ends"": 1}",ADJUDICATE,adjudicate_duration,narrowed,
glyph/7/0/1/7/0,clean,False,0,{},ADJUDICATE,adjudicate_duration,narrowed,
glyph/7/0/1/7/1,no_stem,,0,{},ADJUDICATE,adjudicate_duration,narrowed,
glyph/7/0/1/7/2,no_stem,,0,{},ADJUDICATE,adjudicate_duration,narrowed,
glyph/7/0/1/7/5,clean,False,0,{},ADJUDICATE,adjudicate_duration,narrowed,
glyph/7/0/1/7/20,no_stem,,0,{},ADJUDICATE,adjudicate_duration,narrowed,
glyph/7/0/2/14/1,no_stem,,0,"{""too_thin"": 1}",EVALUATE,reconcile_duration,decided,0
glyph/7/0/2/15/2,no_stem,,0,"{""too_thin"": 1}",ADJUDICATE,adjudicate_duration,narrowed,
glyph/7/0/2/15/4,no_stem,,0,"{""too_thin"": 1}",ADJUDICATE,adjudicate_duration,narrowed,
glyph/7/0/2/15/5,no_stem,,0,"{""too_thin"": 1}",ADJUDICATE,adjudicate_duration,narrowed,
glyph/7/0/2/15/6,no_stem,,0,"{""too_thin"": 1}",ADJUDICATE,adjudicate_duration,narrowed,
glyph/7/0/2/16/1,no_stem,,0,"{""too_thin"": 1}",ADJUDICATE,adjudicate_duration,narrowed,
glyph/7/0/2/16/4,no_stem,,0,"{""too_thin"": 1}",ADJUDICATE,adjudicate_duration,narrowed,
glyph/7/0/5/12/0,no_stem,,0,"{""through_heads"": 1}",EVALUATE,reconcile_duration,decided,0
glyph/7/0/6/1/4,clean,False,0,{},EVALUATE,reconcile_chord_duration,decided,0
glyph/7/0/6/16/2,occupied,True,0,"{""too_thin"": 1}",EVALUATE,reconcile_duration,decided,0
glyph/7/0/8/3/0,occupied,False,0,{},ADJUDICATE,adjudicate_duration,narrowed,
glyph/7/0/8/3/1,occupied,False,0,{},ADJUDICATE,adjudicate_duration,narrowed,
glyph/7/0/9/11/0,occupied,False,0,{},ADJUDICATE,adjudicate_duration,narrowed,
glyph/7/0/9/13/4,clean,False,0,{},EVALUATE,reconcile_duration,decided,0
glyph/7/0/9/15/0,occupied,False,0,"{""too_thin"": 1}",ADJUDICATE,adjudicate_duration,narrowed,
glyph/7/0/9/15/2,occupied,True,0,"{""too_thin"": 1}",ADJUDICATE,adjudicate_duration,narrowed,
glyph/7/0/10/16/1,occupied,False,0,{},EVALUATE,reconcile_duration,decided,0
glyph/7/1/0/8/0,no_stem,,0,"{""through_heads"": 1}",EVALUATE,reconcile_chord_duration,decided,0
glyph/7/1/0/16/4,no_stem,,0,"{""through_heads"": 1}",ADJUDICATE,adjudicate_duration,narrowed,
glyph/7/1/1/8/0,no_stem,,0,"{""too_thin"": 1}",EVALUATE,reconcile_chord_duration,decided,0
glyph/7/1/2/7/0,occupied,False,0,{},ADJUDICATE,adjudicate_duration,narrowed,
glyph/7/1/2/7/1,no_stem,,0,{},ADJUDICATE,adjudicate_duration,narrowed,
glyph/7/1/2/7/7,occupied,False,0,{},ADJUDICATE,adjudicate_duration,narrowed,
glyph/7/1/2/7/16,no_stem,,0,{},ADJUDICATE,adjudicate_duration,narrowed,
glyph/7/1/8/11/3,occupied,False,0,{},EVALUATE,reconcile_duration,decided,0
glyph/7/1/9/3/3,clean,True,0,"{""too_thin"": 2}",ADJUDICATE,adjudicate_duration,narrowed,
glyph/7/1/9/3/8,clean,False,0,"{""too_thin"": 2}",ADJUDICATE,adjudicate_duration,narrowed,
glyph/7/1/9/4/1,clean,True,0,"{""too_thin"": 1}",ADJUDICATE,adjudicate_duration,narrowed,
glyph/7/1/9/4/5,no_stem,,0,"{""too_thin"": 1}",ADJUDICATE,adjudicate_duration,narrowed,
glyph/7/1/10/2/1,no_stem,,0,{},EVALUATE,reconcile_duration,decided,0
glyph/8/0/0/15/7,occupied,False,0,{},ADJUDICATE,adjudicate_duration,narrowed,
glyph/8/0/0/15/9,occupied,False,0,{},ADJUDICATE,adjudicate_duration,narrowed,
glyph/8/1/4/18/1,no_stem,,0,"{""through_heads"": 1}",EVALUATE,reconcile_duration,decided,0
glyph/8/1/8/3/2,occupied,False,0,"{""too_thin"": 1}",EVALUATE,share_stem_value,decided,0
glyph/9/0/3/9/2,occupied,True,0,"{""too_thin"": 1}",EVALUATE,reconcile_duration,decided,0
glyph/9/0/3/10/1,clean,True,0,{},ADJUDICATE,adjudicate_duration,narrowed,
glyph/9/0/3/10/2,clean,True,0,{},ADJUDICATE,adjudicate_duration,narrowed,
glyph/9/0/3/10/4,clean,True,0,{},ADJUDICATE,adjudicate_duration,narrowed,
glyph/9/0/3/10/6,clean,True,0,{},ADJUDICATE,adjudicate_duration,narrowed,
glyph/9/0/3/13/3,occupied,True,0,"{""too_thin"": 1}",ADJUDICATE,adjudicate_duration,narrowed,
glyph/9/0/3/13/5,occupied,True,0,"{""too_thin"": 1}",ADJUDICATE,adjudicate_duration,narrowed,
glyph/9/0/4/0/2,no_stem,,0,"{""through_heads"": 1}",ADJUDICATE,adjudicate_duration,narrowed,
glyph/9/1/0/0/3,no_stem,,0,"{""through_heads"": 1}",ADJUDICATE,adjudicate_duration,narrowed,
glyph/9/1/9/1/1,clean,False,0,{},EVALUATE,reconcile_duration,decided,0
glyph/9/1/9/4/1,clean,False,0,"{""too_thin"": 1}",ADJUDICATE,adjudicate_duration,narrowed,
glyph/10/0/3/4/0,no_stem,,0,"{""too_thin"": 1}",ADJUDICATE,adjudicate_duration,narrowed,
glyph/10/0/3/4/1,no_stem,,0,"{""too_thin"": 1}",ADJUDICATE,adjudicate_duration,narrowed,
glyph/10/0/3/4/2,no_stem,,0,"{""too_thin"": 1}",ADJUDICATE,adjudicate_duration,narrowed,
glyph/10/0/3/4/4,no_stem,,0,"{""too_thin"": 1}",ADJUDICATE,adjudicate_duration,narrowed,
glyph/10/0/3/4/5,no_stem,,0,"{""too_thin"": 1}",ADJUDICATE,adjudicate_duration,narrowed,
glyph/10/0/3/4/7,no_stem,,0,"{""too_thin"": 1}",ADJUDICATE,adjudicate_duration,narrowed,
glyph/10/0/3/8/0,no_stem,,0,"{""too_thin"": 1}",EVALUATE,reconcile_duration,decided,0
glyph/10/0/5/4/0,clean,False,0,"{""too_thin"": 1}",ADJUDICATE,adjudicate_duration,narrowed,
glyph/10/0/5/4/3,clean,False,0,"{""too_thin"": 1}",ADJUDICATE,adjudicate_duration,narrowed,
glyph/10/0/10/8/5,clean,False,0,{},EVALUATE,reconcile_duration,decided,0
glyph/10/1/0/7/3,no_stem,,0,"{""too_thin"": 1}",ADJUDICATE,adjudicate_duration,narrowed,
glyph/10/1/0/7/8,no_stem,,0,"{""too_thin"": 2}",ADJUDICATE,adjudicate_duration,narrowed,
glyph/10/1/1/6/4,no_stem,,0,"{""too_thin"": 2}",ADJUDICATE,adjudicate_duration,narrowed,
glyph/10/1/2/6/4,no_stem,,0,"{""too_thin"": 1}",ADJUDICATE,adjudicate_duration,narrowed,
glyph/10/1/2/7/0,no_stem,,0,{},ADJUDICATE,adjudicate_duration,narrowed,
glyph/10/1/2/7/1,no_stem,,0,"{""too_thin"": 1}",ADJUDICATE,adjudicate_duration,narrowed,
glyph/10/1/2/7/6,no_stem,,0,"{""too_thin"": 1}",ADJUDICATE,adjudicate_duration,narrowed,
glyph/10/1/3/5/7,no_stem,,0,"{""too_thin"": 2}",EVALUATE,reconcile_duration,decided,1
glyph/10/1/3/7/1,no_stem,,0,"{""too_thin"": 2}",ADJUDICATE,adjudicate_duration,narrowed,
glyph/10/1/3/7/3,no_stem,,0,"{""too_thin"": 2}",ADJUDICATE,adjudicate_duration,narrowed,
glyph/10/1/4/7/2,no_stem,,0,"{""too_thin"": 1}",EVALUATE,reconcile_duration,decided,0
glyph/10/1/6/12/2,occupied,False,0,"{""too_thin"": 1}",ADJUDICATE,adjudicate_duration,narrowed,
glyph/10/1/7/10/3,occupied,False,0,"{""through_heads"": 1}",ADJUDICATE,adjudicate_duration,narrowed,
glyph/10/1/8/2/4,occupied,False,0,{},ADJUDICATE,adjudicate_duration,narrowed,
glyph/10/1/8/10/0,hook_seen,False,0,"{""through_heads"": 1}",ADJUDICATE,adjudicate_duration,narrowed,
glyph/10/1/9/7/0,no_stem,,0,"{""one_stem"": 1}",ADJUDICATE,adjudicate_duration,narrowed,
glyph/10/1/9/7/1,no_stem,,0,"{""one_stem"": 1}",ADJUDICATE,adjudicate_duration,narrowed,
glyph/10/1/9/7/2,no_stem,,0,"{""one_stem"": 1}",ADJUDICATE,adjudicate_duration,narrowed,
glyph/10/1/9/7/3,no_stem,,0,"{""one_stem"": 1}",ADJUDICATE,adjudicate_duration,narrowed,
glyph/10/1/9/7/5,no_stem,,0,"{""one_stem"": 1}",ADJUDICATE,adjudicate_duration,narrowed,
glyph/10/1/9/7/7,no_stem,,0,"{""one_stem"": 1}",ADJUDICATE,adjudicate_duration,narrowed,
glyph/10/1/9/7/8,no_stem,,0,"{""one_stem"": 1}",ADJUDICATE,adjudicate_duration,narrowed,
glyph/10/1/9/7/10,no_stem,,0,"{""one_stem"": 1}",ADJUDICATE,adjudicate_duration,narrowed,
glyph/10/0/3/1/7,clean,False,0,"{""too_thin"": 1}",ADJUDICATE,adjudicate_duration,narrowed,
glyph/10/1/0/2/8,no_stem,,0,"{""too_thin"": 1}",ADJUDICATE,adjudicate_duration,narrowed,
glyph/11/0/0/8/1,clean,False,0,"{""too_thin"": 1}",ADJUDICATE,adjudicate_duration,narrowed,
glyph/11/0/0/8/2,occupied,True,0,"{""too_thin"": 1}",ADJUDICATE,adjudicate_duration,narrowed,
glyph/11/0/0/9/1,clean,False,0,"{""too_thin"": 1}",ADJUDICATE,adjudicate_duration,narrowed,
glyph/11/0/0/9/3,clean,False,0,"{""too_thin"": 1}",ADJUDICATE,adjudicate_duration,narrowed,
glyph/11/0/0/10/2,clean,False,0,"{""too_thin"": 1}",ADJUDICATE,adjudicate_duration,narrowed,
glyph/11/0/0/10/6,clean,True,0,"{""too_thin"": 1}",ADJUDICATE,adjudicate_duration,narrowed,
glyph/11/0/0/11/0,occupied,False,0,"{""through_heads"": 1}",EVALUATE,reconcile_duration,decided,0
glyph/11/0/0/16/1,clean,False,0,"{""too_thin"": 1}",ADJUDICATE,adjudicate_duration,narrowed,
glyph/11/0/0/16/2,clean,True,0,"{""too_thin"": 1}",ADJUDICATE,adjudicate_duration,narrowed,
glyph/11/0/0/17/1,clean,False,0,"{""too_thin"": 1}",ADJUDICATE,adjudicate_duration,narrowed,
glyph/11/0/0/17/3,clean,False,0,"{""too_thin"": 1}",ADJUDICATE,adjudicate_duration,narrowed,
glyph/11/0/1/9/2,no_stem,,0,"{""too_thin"": 2}",ADJUDICATE,adjudicate_duration,narrowed,
glyph/11/0/4/11/3,occupied,False,0,{},EVALUATE,reconcile_duration,decided,0
glyph/11/0/5/4/2,occupied,False,0,"{""too_thin"": 1}",EVALUATE,reconcile_duration,decided,0
glyph/11/0/5/6/5,occupied,False,0,"{""too_thin"": 1}",ADJUDICATE,adjudicate_duration,narrowed,
glyph/11/0/5/12/0,occupied,False,0,"{""too_thin"": 1}",EVALUATE,reconcile_duration,decided,0
glyph/11/1/0/0/3,clean,False,0,"{""too_thin"": 1}",EVALUATE,reconcile_duration,decided,0
glyph/11/1/0/1/2,occupied,False,0,"{""through_heads"": 1}",EVALUATE,reconcile_duration,decided,0
glyph/11/1/0/4/1,occupied,True,0,"{""too_thin"": 1}",ADJUDICATE,adjudicate_duration,narrowed,
glyph/11/1/0/4/3,clean,False,0,"{""too_thin"": 1}",ADJUDICATE,adjudicate_duration,narrowed,
glyph/11/1/0/4/4,clean,False,0,"{""too_thin"": 1}",ADJUDICATE,adjudicate_duration,narrowed,
glyph/11/1/0/5/1,clean,False,0,"{""too_thin"": 1}",ADJUDICATE,adjudicate_duration,narrowed,
glyph/11/1/0/5/3,occupied,True,0,"{""too_thin"": 1}",ADJUDICATE,adjudicate_duration,narrowed,
glyph/11/1/2/4/0,clean,True,0,"{""too_thin"": 2}",ADJUDICATE,adjudicate_duration,narrowed,
glyph/11/1/2/4/4,clean,True,0,"{""too_thin"": 2}",ADJUDICATE,adjudicate_duration,narrowed,
glyph/11/1/2/5/1,clean,False,0,"{""too_thin"": 1}",ADJUDICATE,adjudicate_duration,narrowed,
glyph/11/1/2/5/2,occupied,True,0,"{""too_thin"": 1}",ADJUDICATE,adjudicate_duration,narrowed,
glyph/11/1/2/8/1,clean,True,0,"{""too_thin"": 1}",ADJUDICATE,adjudicate_duration,narrowed,
glyph/11/1/2/8/5,clean,True,0,"{""too_thin"": 1}",ADJUDICATE,adjudicate_duration,narrowed,
glyph/11/1/2/9/1,occupied,True,0,"{""too_thin"": 1}",ADJUDICATE,adjudicate_duration,narrowed,
glyph/11/1/2/9/2,clean,False,0,"{""too_thin"": 1}",ADJUDICATE,adjudicate_duration,narrowed,
glyph/11/1/3/6/5,occupied,False,0,{},EVALUATE,share_stem_value,decided,0
glyph/11/1/3/16/2,no_stem,,0,{},EVALUATE,reconcile_duration,decided,1
glyph/11/1/6/3/1,clean,False,0,{},ADJUDICATE,adjudicate_duration,narrowed,
glyph/11/1/6/3/2,occupied,False,0,{},ADJUDICATE,adjudicate_duration,narrowed,
glyph/11/1/6/7/1,clean,False,0,{},ADJUDICATE,adjudicate_duration,narrowed,
glyph/11/1/6/7/3,occupied,False,0,{},ADJUDICATE,adjudicate_duration,narrowed,
glyph/11/1/6/12/1,occupied,True,0,"{""too_thin"": 1}",ADJUDICATE,adjudicate_duration,narrowed,
glyph/11/1/6/12/2,clean,True,0,"{""too_thin"": 1}",ADJUDICATE,adjudicate_duration,narrowed,
glyph/11/1/6/14/1,occupied,True,0,"{""too_thin"": 1}",ADJUDICATE,adjudicate_duration,narrowed,
glyph/11/1/6/14/2,clean,True,0,"{""too_thin"": 1}",ADJUDICATE,adjudicate_duration,narrowed,
glyph/11/1/6/15/0,clean,False,0,{},ADJUDICATE,adjudicate_duration,narrowed,
glyph/11/1/6/15/3,clean,False,0,{},ADJUDICATE,adjudicate_duration,narrowed,
glyph/11/0/3/8/6,occupied,True,0,"{""too_thin"": 1}",EVALUATE,share_stem_value,decided,0
glyph/11/1/3/13/3,left_inked,True,0,"{""too_thin"": 1}",EVALUATE,reconcile_chord_duration,decided,0
glyph/12/0/1/9/2,no_stem,,0,"{""too_thin"": 1}",ADJUDICATE,adjudicate_duration,narrowed,
glyph/12/0/1/9/8,no_stem,,0,"{""too_thin"": 2}",ADJUDICATE,adjudicate_duration,narrowed,
glyph/12/0/2/1/7,no_stem,,0,"{""too_thin"": 1}",ADJUDICATE,adjudicate_duration,narrowed,
glyph/12/0/2/3/0,occupied,False,0,{},ADJUDICATE,adjudicate_duration,narrowed,
glyph/12/0/2/3/1,clean,False,0,{},EVALUATE,share_stem_value,decided,0
glyph/12/0/2/3/2,clean,False,0,{},EVALUATE,share_stem_value,decided,0
glyph/12/0/2/3/5,occupied,False,0,{},ADJUDICATE,adjudicate_duration,narrowed,
glyph/12/0/2/6/0,occupied,True,0,"{""too_thin"": 1}",ADJUDICATE,adjudicate_duration,narrowed,
glyph/12/0/2/6/1,occupied,True,0,"{""too_thin"": 1}",ADJUDICATE,adjudicate_duration,narrowed,
glyph/12/0/2/6/2,occupied,True,0,"{""too_thin"": 1}",ADJUDICATE,adjudicate_duration,narrowed,
glyph/12/0/2/6/4,occupied,True,0,"{""too_thin"": 1}",ADJUDICATE,adjudicate_duration,narrowed,
glyph/12/0/2/9/4,no_stem,,0,"{""too_thin"": 1}",ADJUDICATE,adjudicate_duration,narrowed,
glyph/12/0/2/9/11,no_stem,,0,"{""too_thin"": 1}",ADJUDICATE,adjudicate_duration,narrowed,
glyph/12/0/3/0/6,occupied,False,0,{},ADJUDICATE,adjudicate_duration,narrowed,
glyph/12/0/3/8/3,occupied,False,0,{},ADJUDICATE,adjudicate_duration,narrowed,
glyph/12/0/3/9/2,no_stem,,0,{},ADJUDICATE,adjudicate_duration,narrowed,
glyph/12/0/3/9/4,no_stem,,0,"{""too_thin"": 1}",ADJUDICATE,adjudicate_duration,narrowed,
glyph/12/0/4/9/1,no_stem,,0,"{""through_heads"": 2}",ADJUDICATE,adjudicate_duration,narrowed,
glyph/12/0/4/9/4,no_stem,,0,"{""through_heads"": 2}",ADJUDICATE,adjudicate_duration,narrowed,
glyph/12/0/4/13/0,no_stem,,0,{},EVALUATE,reconcile_duration,decided,0
glyph/12/0/5/9/0,occupied,False,0,{},ADJUDICATE,adjudicate_duration,narrowed,
glyph/12/0/5/9/1,clean,False,0,{},ADJUDICATE,adjudicate_duration,narrowed,
glyph/12/0/5/9/4,occupied,False,0,{},ADJUDICATE,adjudicate_duration,narrowed,
glyph/12/0/5/9/5,clean,False,0,{},ADJUDICATE,adjudicate_duration,narrowed,
glyph/12/0/5/10/1,clean,False,0,{},ADJUDICATE,adjudicate_duration,narrowed,
glyph/12/0/5/10/3,clean,False,0,{},ADJUDICATE,adjudicate_duration,narrowed,
glyph/12/0/5/12/0,clean,False,0,{},ADJUDICATE,adjudicate_duration,narrowed,
glyph/12/0/5/12/3,clean,False,0,{},ADJUDICATE,adjudicate_duration,narrowed,
glyph/12/0/6/12/3,clean,False,0,{},EVALUATE,reconcile_duration,decided,0
glyph/12/0/7/3/1,clean,False,0,"{""too_thin"": 1}",ADJUDICATE,adjudicate_duration,narrowed,
glyph/12/0/7/3/2,occupied,True,0,"{""too_thin"": 1}",ADJUDICATE,adjudicate_duration,narrowed,
glyph/12/0/7/4/0,no_stem,,0,{},EVALUATE,reconcile_duration,decided,0
glyph/12/0/8/2/1,clean,False,0,"{""too_thin"": 1}",ADJUDICATE,adjudicate_duration,narrowed,
glyph/12/0/8/2/2,clean,False,0,"{""too_thin"": 1}",ADJUDICATE,adjudicate_duration,narrowed,
glyph/12/0/9/0/2,clean,False,0,"{""too_thin"": 1}",ADJUDICATE,adjudicate_duration,narrowed,
glyph/12/0/9/0/8,clean,False,0,"{""too_thin"": 1}",ADJUDICATE,adjudicate_duration,narrowed,
glyph/12/0/9/1/1,occupied,False,0,"{""too_thin"": 1}",ADJUDICATE,adjudicate_duration,narrowed,
glyph/12/0/9/1/4,occupied,False,0,"{""too_thin"": 1}",ADJUDICATE,adjudicate_duration,narrowed,
glyph/12/0/9/2/2,clean,False,0,"{""too_thin"": 1}",ADJUDICATE,adjudicate_duration,narrowed,
glyph/12/0/9/2/4,occupied,False,0,"{""too_thin"": 1}",ADJUDICATE,adjudicate_duration,narrowed,
glyph/12/0/9/3/1,occupied,False,0,"{""too_thin"": 1}",ADJUDICATE,adjudicate_duration,narrowed,
glyph/12/0/9/4/3,occupied,False,0,"{""too_thin"": 1}",ADJUDICATE,adjudicate_duration,narrowed,
glyph/12/0/9/4/4,occupied,False,0,"{""too_thin"": 1}",ADJUDICATE,adjudicate_duration,narrowed,
glyph/12/0/9/7/1,clean,False,0,"{""too_thin"": 1}",ADJUDICATE,adjudicate_duration,narrowed,
glyph/12/0/9/7/4,clean,False,0,"{""too_thin"": 1}",ADJUDICATE,adjudicate_duration,narrowed,
glyph/12/0/9/14/0,clean,True,0,{},ADJUDICATE,adjudicate_duration,narrowed,
glyph/12/0/9/14/4,clean,True,0,{},ADJUDICATE,adjudicate_duration,narrowed,
glyph/12/0/9/14/6,occupied,True,0,{},ADJUDICATE,adjudicate_duration,narrowed,
glyph/12/0/9/14/10,clean,False,0,{},ADJUDICATE,adjudicate_duration,narrowed,
glyph/12/0/10/2/0,no_stem,,0,{},ADJUDICATE,adjudicate_duration,narrowed,
glyph/12/0/10/2/2,occupied,False,0,{},ADJUDICATE,adjudicate_duration,narrowed,
glyph/12/0/10/4/0,no_stem,,0,{},EVALUATE,reconcile_duration,decided,0
glyph/12/1/0/9/5,no_stem,,0,"{""through_heads"": 2, ""too_thin"": 1}",ADJUDICATE,adjudicate_duration,narrowed,
glyph/12/1/0/9/8,occupied,False,0,"{""through_heads"": 1}",ADJUDICATE,adjudicate_duration,narrowed,
glyph/12/1/0/9/12,occupied,False,0,"{""through_heads"": 1}",ADJUDICATE,adjudicate_duration,narrowed,
glyph/12/1/2/11/2,no_stem,,0,{},ADJUDICATE,adjudicate_duration,narrowed,
glyph/12/1/4/0/7,no_stem,,0,"{""through_heads"": 1}",EVALUATE,reconcile_duration,decided,0
glyph/12/1/4/1/4,clean,False,0,{},EVALUATE,reconcile_chord_duration,decided,0
glyph/12/1/4/3/0,clean,False,0,"{""too_thin"": 1}",ADJUDICATE,adjudicate_duration,narrowed,
glyph/12/1/4/3/1,clean,False,0,"{""too_thin"": 1}",ADJUDICATE,adjudicate_duration,narrowed,
glyph/12/1/4/3/2,clean,False,0,"{""too_thin"": 1}",ADJUDICATE,adjudicate_duration,narrowed,
glyph/12/1/4/3/4,clean,False,0,"{""too_thin"": 1}",ADJUDICATE,adjudicate_duration,narrowed,
glyph/12/1/4/4/0,clean,False,0,"{""too_thin"": 1}",ADJUDICATE,adjudicate_duration,narrowed,
glyph/12/1/4/4/3,clean,False,0,"{""too_thin"": 1}",ADJUDICATE,adjudicate_duration,narrowed,
glyph/12/1/4/5/0,clean,False,0,"{""too_thin"": 1}",ADJUDICATE,adjudicate_duration,narrowed,
glyph/12/1/4/5/3,clean,False,0,"{""too_thin"": 1}",ADJUDICATE,adjudicate_duration,narrowed,
glyph/12/1/4/7/2,no_stem,,0,{},EVALUATE,reconcile_duration,decided,0
glyph/12/1/4/8/5,no_stem,,0,"{""too_thin"": 1}",EVALUATE,reconcile_duration,decided,0
glyph/12/1/5/8/0,occupied,False,0,{},ADJUDICATE,adjudicate_duration,narrowed,
glyph/12/1/5/8/1,occupied,False,0,{},ADJUDICATE,adjudicate_duration,narrowed,
glyph/12/1/5/9/1,occupied,False,0,{},ADJUDICATE,adjudicate_duration,narrowed,
glyph/12/1/5/9/4,occupied,False,0,{},ADJUDICATE,adjudicate_duration,narrowed,
glyph/12/1/8/10/3,clean,False,0,{},EVALUATE,reconcile_chord_duration,decided,0
glyph/13/0/0/0/25,no_stem,,0,"{""through_heads"": 1}",ADJUDICATE,adjudicate_duration,narrowed,
glyph/13/0/3/3/1,no_stem,,0,{},ADJUDICATE,adjudicate_duration,narrowed,
glyph/13/0/3/3/2,no_stem,,0,{},ADJUDICATE,adjudicate_duration,narrowed,
glyph/13/0/3/3/3,no_stem,,0,{},ADJUDICATE,adjudicate_duration,narrowed,
glyph/13/0/3/3/6,no_stem,,0,"{""no_stem_at_ends"": 1}",ADJUDICATE,adjudicate_duration,narrowed,
glyph/13/0/3/3/7,no_stem,,0,"{""no_stem_at_ends"": 1}",ADJUDICATE,adjudicate_duration,narrowed,
glyph/13/0/3/3/11,no_stem,,0,"{""no_stem_at_ends"": 1}",ADJUDICATE,adjudicate_duration,narrowed,
glyph/13/0/3/3/12,no_stem,,0,{},ADJUDICATE,adjudicate_duration,narrowed,
glyph/13/0/3/4/1,no_stem,,0,"{""too_thin"": 1}",ADJUDICATE,adjudicate_duration,narrowed,
glyph/13/0/3/4/2,no_stem,,0,"{""too_thin"": 1}",ADJUDICATE,adjudicate_duration,narrowed,
glyph/13/0/4/10/1,no_stem,,0,"{""too_thin"": 1}",EVALUATE,reconcile_duration,decided,1
glyph/13/0/4/12/3,no_stem,,0,"{""through_heads"": 1}",EVALUATE,reconcile_duration,decided,0
glyph/13/0/4/14/0,no_stem,,0,"{""through_heads"": 1}",EVALUATE,reconcile_duration,decided,0
glyph/13/0/5/10/5,clean,False,0,"{""too_thin"": 1}",EVALUATE,share_stem_value,decided,0
glyph/13/0/5/11/4,occupied,False,0,{},EVALUATE,share_stem_value,decided,0
glyph/13/0/5/12/0,clean,False,0,{},ADJUDICATE,adjudicate_duration,narrowed,
glyph/13/0/5/12/2,clean,False,0,{},ADJUDICATE,adjudicate_duration,narrowed,
glyph/13/0/6/9/2,clean,False,0,{},EVALUATE,reconcile_duration,decided,0
glyph/13/0/7/8/2,no_stem,,0,"{""too_thin"": 1}",EVALUATE,reconcile_duration,decided,0
glyph/13/0/7/11/1,occupied,False,0,"{""too_thin"": 1}",EVALUATE,share_stem_value,decided,0
glyph/13/0/7/14/9,occupied,False,0,{},EVALUATE,reconcile_chord_duration,decided,0
glyph/13/0/7/15/2,no_stem,,0,"{""too_thin"": 1}",ADJUDICATE,adjudicate_duration,narrowed,
glyph/13/0/8/6/0,occupied,False,0,"{""too_thin"": 1}",ADJUDICATE,adjudicate_duration,narrowed,
glyph/13/0/8/6/3,occupied,False,0,"{""too_thin"": 1}",ADJUDICATE,adjudicate_duration,narrowed,
glyph/13/0/8/9/0,no_stem,,0,"{""too_thin"": 1}",ADJUDICATE,adjudicate_duration,narrowed,
glyph/13/0/9/3/7,hook_seen,False,0,"{""through_heads"": 1, ""too_thin"": 1}",EVALUATE,reconcile_duration,decided,1
glyph/13/0/10/4/1,clean,False,0,"{""too_thin"": 1}",EVALUATE,reconcile_duration,decided,0
glyph/13/1/0/11/9,no_stem,,0,"{""too_thin"": 1}",ADJUDICATE,adjudicate_duration,narrowed,
glyph/13/1/0/13/11,no_stem,,0,{},ADJUDICATE,adjudicate_duration,narrowed,
glyph/13/1/1/9/1,occupied,False,0,"{""through_heads"": 1}",EVALUATE,share_stem_value,decided,0
glyph/13/1/2/6/1,no_stem,,0,"{""through_heads"": 1}",EVALUATE,reconcile_duration,decided,0
glyph/13/1/2/9/1,no_stem,,0,"{""one_stem"": 1}",ADJUDICATE,adjudicate_duration,narrowed,
glyph/13/1/2/9/2,no_stem,,0,"{""one_stem"": 1}",ADJUDICATE,adjudicate_duration,narrowed,
glyph/13/1/2/9/4,no_stem,,0,"{""one_stem"": 1}",ADJUDICATE,adjudicate_duration,narrowed,
glyph/13/1/2/9/5,no_stem,,0,"{""one_stem"": 1}",ADJUDICATE,adjudicate_duration,narrowed,
glyph/13/1/3/11/2,no_stem,,0,"{""too_thin"": 2}",ADJUDICATE,adjudicate_duration,narrowed,
glyph/13/1/9/14/0,clean,False,0,{},EVALUATE,reconcile_duration,decided,0
glyph/13/1/10/11/2,no_stem,,0,"{""too_thin"": 1}",ADJUDICATE,adjudicate_duration,narrowed,
glyph/13/1/10/11/3,no_stem,,0,"{""too_thin"": 1}",ADJUDICATE,adjudicate_duration,narrowed,
glyph/13/1/10/13/1,no_stem,,0,"{""too_thin"": 1}",ADJUDICATE,adjudicate_duration,narrowed,
glyph/13/0/8/1/6,occupied,True,0,"{""too_thin"": 1}",ADJUDICATE,adjudicate_duration,narrowed,
glyph/14/0/1/8/0,no_stem,,0,"{""too_thin"": 1}",ADJUDICATE,adjudicate_duration,narrowed,
glyph/14/0/2/8/2,no_stem,,0,{},ADJUDICATE,adjudicate_duration,narrowed,
glyph/14/0/2/8/7,no_stem,,0,{},ADJUDICATE,adjudicate_duration,narrowed,
glyph/14/0/2/11/1,no_stem,,0,"{""too_thin"": 1}",ADJUDICATE,adjudicate_duration,narrowed,
glyph/14/0/2/11/3,no_stem,,0,"{""too_thin"": 1}",ADJUDICATE,adjudicate_duration,narrowed,
glyph/14/0/3/9/0,clean,True,0,"{""too_thin"": 1}",ADJUDICATE,adjudicate_duration,narrowed,
glyph/14/0/3/9/1,clean,True,0,"{""too_thin"": 1}",ADJUDICATE,adjudicate_duration,narrowed,
glyph/14/0/3/13/0,no_stem,,0,"{""too_thin"": 1}",ADJUDICATE,adjudicate_duration,narrowed,
glyph/14/0/3/13/2,clean,False,0,"{""too_thin"": 1}",ADJUDICATE,adjudicate_duration,narrowed,
glyph/14/0/3/14/1,clean,True,0,"{""too_thin"": 1}",ADJUDICATE,adjudicate_duration,narrowed,
glyph/14/0/4/4/0,clean,False,0,"{""too_thin"": 1}",EVALUATE,share_stem_value,decided,0
glyph/14/0/6/1/0,clean,False,0,{},EVALUATE,reconcile_duration,decided,0
glyph/14/0/9/0/3,no_stem,,0,{},ADJUDICATE,adjudicate_duration,narrowed,
glyph/14/0/9/11/1,clean,False,0,{},EVALUATE,reconcile_duration,decided,0
glyph/14/0/9/12/0,clean,False,0,{},ADJUDICATE,adjudicate_duration,narrowed,
glyph/14/0/9/14/1,clean,False,0,{},ADJUDICATE,adjudicate_duration,narrowed,
glyph/14/0/9/14/4,clean,False,0,{},ADJUDICATE,adjudicate_duration,narrowed,
glyph/14/0/10/12/0,occupied,False,0,"{""too_thin"": 1}",ADJUDICATE,adjudicate_duration,narrowed,
glyph/14/0/10/12/4,clean,False,0,"{""too_thin"": 1}",ADJUDICATE,adjudicate_duration,narrowed,
glyph/14/0/11/1/1,clean,False,0,"{""too_thin"": 1}",EVALUATE,reconcile_duration,decided,0
glyph/14/1/0/2/0,no_stem,,0,"{""through_heads"": 2}",EVALUATE,reconcile_duration,decided,0
glyph/14/1/0/5/1,no_stem,,0,"{""through_heads"": 1}",EVALUATE,reconcile_duration,decided,0
glyph/14/1/0/6/2,no_stem,,0,"{""through_heads"": 1}",ADJUDICATE,adjudicate_duration,narrowed,
glyph/14/1/0/8/1,clean,False,0,"{""too_thin"": 1}",ADJUDICATE,adjudicate_duration,narrowed,
glyph/14/1/0/8/2,no_stem,,0,"{""too_thin"": 1}",ADJUDICATE,adjudicate_duration,narrowed,
glyph/14/1/0/8/4,no_stem,,0,"{""too_thin"": 1}",ADJUDICATE,adjudicate_duration,narrowed,
glyph/14/1/0/8/5,clean,False,0,"{""too_thin"": 1}",ADJUDICATE,adjudicate_duration,narrowed,
glyph/14/1/0/8/6,no_stem,,0,"{""too_thin"": 1}",ADJUDICATE,adjudicate_duration,narrowed,
glyph/14/1/0/10/3,no_stem,,0,"{""too_thin"": 1}",ADJUDICATE,adjudicate_duration,narrowed,
glyph/14/1/0/10/13,no_stem,,0,"{""too_thin"": 1}",ADJUDICATE,adjudicate_duration,narrowed,
glyph/14/1/0/10/16,no_stem,,0,"{""too_thin"": 1}",ADJUDICATE,adjudicate_duration,narrowed,
glyph/14/1/0/13/4,clean,False,0,"{""too_thin"": 1}",EVALUATE,share_stem_value,decided,0
glyph/14/1/1/1/0,occupied,False,0,{},ADJUDICATE,adjudicate_duration,narrowed,
glyph/14/1/1/1/1,occupied,False,0,{},ADJUDICATE,adjudicate_duration,narrowed,
glyph/14/1/1/1/3,no_stem,,0,"{""through_heads"": 1}",ADJUDICATE,adjudicate_duration,narrowed,
glyph/14/1/1/2/2,no_stem,,0,"{""through_heads"": 1}",EVALUATE,reconcile_duration,decided,0
glyph/14/1/1/6/1,no_stem,,0,"{""through_heads"": 1}",ADJUDICATE,adjudicate_duration,narrowed,
glyph/14/1/1/7/0,no_stem,,0,"{""through_heads"": 1}",EVALUATE,reconcile_duration,decided,0
glyph/14/1/1/13/0,no_stem,,0,"{""too_thin"": 1}",ADJUDICATE,adjudicate_duration,narrowed,
glyph/14/1/2/1/0,no_stem,,0,"{""through_heads"": 1}",EVALUATE,reconcile_duration,decided,0
glyph/14/1/3/13/4,clean,False,0,"{""too_thin"": 1}",ADJUDICATE,adjudicate_duration,narrowed,
glyph/14/1/3/14/1,clean,False,0,{},EVALUATE,reconcile_duration,decided,0
glyph/14/1/3/16/0,no_stem,,0,"{""too_thin"": 1}",ADJUDICATE,adjudicate_duration,narrowed,
glyph/14/1/3/16/2,no_stem,,0,"{""too_thin"": 1}",ADJUDICATE,adjudicate_duration,narrowed,
glyph/14/1/4/16/2,no_stem,,0,"{""through_heads"": 1}",EVALUATE,reconcile_chord_duration,decided,0
glyph/14/1/5/8/0,occupied,False,0,{},ADJUDICATE,adjudicate_duration,narrowed,
glyph/14/1/5/8/1,clean,False,0,{},ADJUDICATE,adjudicate_duration,narrowed,
glyph/14/1/5/8/2,occupied,False,0,{},ADJUDICATE,adjudicate_duration,narrowed,
glyph/14/1/5/8/4,clean,False,0,{},ADJUDICATE,adjudicate_duration,narrowed,
glyph/14/1/5/12/0,clean,False,0,"{""too_thin"": 1}",EVALUATE,share_stem_value,decided,0
glyph/14/1/5/13/0,no_stem,,0,"{""too_thin"": 1}",ADJUDICATE,adjudicate_duration,narrowed,
glyph/14/1/6/4/0,clean,True,0,"{""too_thin"": 1}",ADJUDICATE,adjudicate_duration,narrowed,
glyph/14/1/6/4/1,occupied,True,0,"{""too_thin"": 1}",ADJUDICATE,adjudicate_duration,narrowed,
glyph/14/1/6/5/1,clean,True,0,"{""too_thin"": 1}",ADJUDICATE,adjudicate_duration,narrowed,
glyph/14/1/6/5/2,occupied,True,0,"{""too_thin"": 1}",ADJUDICATE,adjudicate_duration,narrowed,
glyph/14/1/6/9/1,clean,True,0,"{""too_thin"": 1}",ADJUDICATE,adjudicate_duration,narrowed,
glyph/14/1/6/9/3,clean,True,0,"{""too_thin"": 1}",ADJUDICATE,adjudicate_duration,narrowed,
glyph/14/1/8/12/1,occupied,False,0,"{""too_thin"": 1}",ADJUDICATE,adjudicate_duration,narrowed,
glyph/14/1/8/12/2,occupied,False,0,"{""too_thin"": 1}",ADJUDICATE,adjudicate_duration,narrowed,
glyph/14/1/8/14/0,occupied,False,0,{},ADJUDICATE,adjudicate_duration,narrowed,
glyph/14/1/8/14/2,occupied,False,0,{},ADJUDICATE,adjudicate_duration,narrowed,
glyph/14/1/9/12/8,clean,False,0,"{""too_thin"": 1}",EVALUATE,reconcile_duration,decided,0
glyph/14/1/9/13/1,clean,False,0,"{""too_thin"": 1}",EVALUATE,reconcile_duration,decided,0
glyph/14/0/3/3/6,no_stem,,0,"{""too_thin"": 2}",ADJUDICATE,adjudicate_duration,narrowed,
glyph/15/0/0/9/5,no_side,,0,"{""through_heads"": 1, ""too_thin"": 1}",ADJUDICATE,adjudicate_duration,narrowed,
glyph/15/0/0/10/0,no_stem,,0,"{""through_heads"": 1}",ADJUDICATE,adjudicate_duration,narrowed,
glyph/15/0/0/10/3,no_stem,,0,"{""through_heads"": 1}",ADJUDICATE,adjudicate_duration,narrowed,
glyph/15/0/5/0/6,clean,False,0,{},ADJUDICATE,adjudicate_duration,narrowed,
glyph/15/0/5/14/0,clean,False,0,"{""through_heads"": 1}",EVALUATE,share_stem_value,decided,0
glyph/15/0/5/14/1,clean,False,0,"{""through_heads"": 1}",EVALUATE,share_stem_value,decided,0
glyph/15/0/8/17/0,occupied,False,0,{},ADJUDICATE,adjudicate_duration,narrowed,
glyph/15/0/8/17/2,clean,False,0,{},ADJUDICATE,adjudicate_duration,narrowed,
glyph/15/0/8/20/1,occupied,False,0,"{""through_heads"": 1}",ADJUDICATE,adjudicate_duration,narrowed,
glyph/15/0/8/20/2,clean,False,0,"{""through_heads"": 1}",ADJUDICATE,adjudicate_duration,narrowed,
glyph/15/0/10/8/0,occupied,False,0,{},EVALUATE,reconcile_duration,decided,0
glyph/15/1/0/2/0,no_stem,,0,{},ADJUDICATE,adjudicate_duration,narrowed,
glyph/15/1/0/2/4,no_stem,,0,{},ADJUDICATE,adjudicate_duration,narrowed,
glyph/15/1/0/2/5,no_stem,,0,"{""too_thin"": 1}",ADJUDICATE,adjudicate_duration,narrowed,
glyph/15/1/0/2/10,no_stem,,0,"{""too_thin"": 1}",ADJUDICATE,adjudicate_duration,narrowed,
glyph/15/1/0/3/1,no_stem,,0,"{""too_thin"": 1}",ADJUDICATE,adjudicate_duration,narrowed,
glyph/15/1/0/3/2,no_stem,,0,"{""too_thin"": 2}",ADJUDICATE,adjudicate_duration,narrowed,
glyph/15/1/0/3/4,no_stem,,0,"{""too_thin"": 2}",ADJUDICATE,adjudicate_duration,narrowed,
glyph/15/1/0/3/6,no_stem,,0,"{""too_thin"": 2}",ADJUDICATE,adjudicate_duration,narrowed,
glyph/15/1/0/12/0,no_stem,,0,"{""through_heads"": 1, ""too_thin"": 1}",ADJUDICATE,adjudicate_duration,narrowed,
glyph/15/1/0/12/2,no_stem,,0,"{""through_heads"": 1, ""too_thin"": 1}",ADJUDICATE,adjudicate_duration,narrowed,
glyph/15/1/1/2/1,no_stem,,0,"{""too_thin"": 1}",ADJUDICATE,adjudicate_duration,narrowed,
glyph/15/1/1/2/4,no_stem,,0,"{""too_thin"": 1}",ADJUDICATE,adjudicate_duration,narrowed,
glyph/15/1/1/2/6,no_stem,,0,"{""too_thin"": 2}",ADJUDICATE,adjudicate_duration,narrowed,
glyph/15/1/1/2/7,no_stem,,0,"{""too_thin"": 2}",ADJUDICATE,adjudicate_duration,narrowed,
glyph/15/1/1/2/13,no_stem,,0,"{""too_thin"": 1}",ADJUDICATE,adjudicate_duration,narrowed,
glyph/15/1/1/3/0,no_stem,,0,{},ADJUDICATE,adjudicate_duration,narrowed,
glyph/15/1/1/3/1,no_stem,,0,"{""too_thin"": 1}",ADJUDICATE,adjudicate_duration,narrowed,
glyph/15/1/1/3/2,no_stem,,0,"{""too_thin"": 1}",ADJUDICATE,adjudicate_duration,narrowed,
glyph/15/1/1/3/5,no_stem,,0,"{""too_thin"": 1}",ADJUDICATE,adjudicate_duration,narrowed,
glyph/15/1/2/3/1,no_stem,,0,"{""too_thin"": 2}",ADJUDICATE,adjudicate_duration,narrowed,
glyph/15/1/2/3/2,no_stem,,0,"{""too_thin"": 2}",ADJUDICATE,adjudicate_duration,narrowed,
glyph/15/1/2/3/4,no_stem,,0,"{""too_thin"": 2}",ADJUDICATE,adjudicate_duration,narrowed,
glyph/15/1/2/3/5,no_stem,,0,"{""too_thin"": 2}",ADJUDICATE,adjudicate_duration,narrowed,
glyph/15/1/3/1/1,clean,True,0,"{""too_thin"": 1}",ADJUDICATE,adjudicate_duration,narrowed,
glyph/15/1/3/1/2,no_stem,,0,"{""too_thin"": 1}",ADJUDICATE,adjudicate_duration,narrowed,
glyph/15/1/3/1/3,no_stem,,0,"{""too_thin"": 1}",ADJUDICATE,adjudicate_duration,narrowed,
glyph/15/1/3/1/5,clean,True,0,"{""too_thin"": 1}",ADJUDICATE,adjudicate_duration,narrowed,
glyph/15/1/3/2/2,no_stem,,0,{},ADJUDICATE,adjudicate_duration,narrowed,
glyph/15/1/3/3/0,no_stem,,0,"{""too_thin"": 2}",ADJUDICATE,adjudicate_duration,narrowed,
glyph/15/1/3/3/2,no_stem,,0,"{""too_thin"": 2}",ADJUDICATE,adjudicate_duration,narrowed,
glyph/15/1/3/7/0,no_stem,,0,"{""too_thin"": 1}",ADJUDICATE,adjudicate_duration,narrowed,
glyph/15/1/3/7/1,no_stem,,0,"{""too_thin"": 1}",ADJUDICATE,adjudicate_duration,narrowed,
glyph/15/1/3/14/1,no_stem,,0,"{""too_thin"": 1}",ADJUDICATE,adjudicate_duration,narrowed,
glyph/15/1/3/14/2,no_stem,,0,"{""too_thin"": 1}",ADJUDICATE,adjudicate_duration,narrowed,
glyph/15/1/3/14/4,no_stem,,0,"{""too_thin"": 1}",ADJUDICATE,adjudicate_duration,narrowed,
glyph/15/1/3/14/5,no_stem,,0,"{""too_thin"": 1}",ADJUDICATE,adjudicate_duration,narrowed,
glyph/15/1/3/18/0,no_stem,,0,{},ADJUDICATE,adjudicate_duration,narrowed,
glyph/15/1/3/18/1,no_stem,,0,{},ADJUDICATE,adjudicate_duration,narrowed,
glyph/15/1/3/18/2,no_stem,,0,{},ADJUDICATE,adjudicate_duration,narrowed,
glyph/15/1/3/18/3,no_stem,,0,"{""too_thin"": 1}",ADJUDICATE,adjudicate_duration,narrowed,
glyph/15/1/3/18/5,no_stem,,0,"{""too_thin"": 1}",ADJUDICATE,adjudicate_duration,narrowed,
glyph/15/1/3/18/8,no_stem,,0,"{""too_thin"": 1}",ADJUDICATE,adjudicate_duration,narrowed,
glyph/15/1/4/2/1,no_stem,,0,"{""too_thin"": 1}",ADJUDICATE,adjudicate_duration,narrowed,
glyph/15/1/4/2/3,no_stem,,0,"{""too_thin"": 1}",ADJUDICATE,adjudicate_duration,narrowed,
glyph/15/1/5/13/1,occupied,False,0,"{""through_heads"": 1}",EVALUATE,share_stem_value,decided,0
glyph/15/1/5/14/0,clean,False,0,"{""through_heads"": 1}",EVALUATE,share_stem_value,decided,0
glyph/15/1/5/14/1,occupied,False,0,"{""through_heads"": 1}",EVALUATE,share_stem_value,decided,0
glyph/15/1/7/11/1,clean,True,0,"{""too_thin"": 1}",ADJUDICATE,adjudicate_duration,narrowed,
glyph/15/1/7/11/2,clean,False,0,"{""too_thin"": 1}",ADJUDICATE,adjudicate_duration,narrowed,
glyph/15/1/8/9/0,occupied,True,0,"{""too_thin"": 1}",ADJUDICATE,adjudicate_duration,narrowed,
glyph/15/1/8/9/1,no_stem,,0,"{""too_thin"": 2}",ADJUDICATE,adjudicate_duration,narrowed,
glyph/15/1/8/11/0,occupied,False,0,{},ADJUDICATE,adjudicate_duration,narrowed,
glyph/15/1/8/11/1,clean,False,0,{},ADJUDICATE,adjudicate_duration,narrowed,
glyph/15/1/9/9/2,occupied,True,0,"{""too_thin"": 1}",ADJUDICATE,adjudicate_duration,narrowed,
glyph/15/1/9/9/3,clean,True,0,"{""too_thin"": 1}",ADJUDICATE,adjudicate_duration,narrowed,
glyph/15/1/9/10/1,occupied,True,0,"{""too_thin"": 1}",ADJUDICATE,adjudicate_duration,narrowed,
glyph/15/1/9/10/2,clean,True,0,"{""too_thin"": 1}",ADJUDICATE,adjudicate_duration,narrowed,
glyph/15/1/10/11/0,clean,False,0,{},ADJUDICATE,adjudicate_duration,narrowed,
glyph/15/1/10/11/2,clean,True,0,{},ADJUDICATE,adjudicate_duration,narrowed,
glyph/16/0/0/0/3,clean,True,0,"{""too_thin"": 1}",ADJUDICATE,adjudicate_duration,narrowed,
glyph/16/0/0/0/8,no_stem,,0,"{""too_thin"": 1}",ADJUDICATE,adjudicate_duration,narrowed,
glyph/16/0/0/2/0,occupied,False,0,{},ADJUDICATE,adjudicate_duration,narrowed,
glyph/16/0/0/3/2,no_stem,,0,"{""too_thin"": 1}",ADJUDICATE,adjudicate_duration,narrowed,
glyph/16/0/0/3/4,no_stem,,0,"{""too_thin"": 1}",ADJUDICATE,adjudicate_duration,narrowed,
glyph/16/0/1/0/2,no_stem,,0,"{""too_thin"": 2}",ADJUDICATE,adjudicate_duration,narrowed,
glyph/16/0/1/0/3,clean,True,0,"{""too_thin"": 2}",ADJUDICATE,adjudicate_duration,narrowed,
glyph/16/0/1/0/8,no_stem,,0,"{""too_thin"": 2}",ADJUDICATE,adjudicate_duration,narrowed,
glyph/16/0/1/0/11,clean,True,0,"{""too_thin"": 2}",ADJUDICATE,adjudicate_duration,narrowed,
glyph/16/0/1/2/2,clean,True,0,"{""too_thin"": 2}",ADJUDICATE,adjudicate_duration,narrowed,
glyph/16/0/1/2/3,clean,True,0,"{""too_thin"": 2}",ADJUDICATE,adjudicate_duration,narrowed,
glyph/16/0/1/2/4,clean,True,0,"{""too_thin"": 2}",ADJUDICATE,adjudicate_duration,narrowed,
glyph/16/0/1/3/0,no_stem,,0,"{""too_thin"": 1}",EVALUATE,reconcile_duration,decided,0
glyph/16/0/2/0/2,no_stem,,0,"{""too_thin"": 4}",ADJUDICATE,adjudicate_duration,narrowed,
glyph/16/0/2/0/4,no_stem,,0,"{""too_thin"": 4}",ADJUDICATE,adjudicate_duration,narrowed,
glyph/16/0/2/0/8,no_stem,,0,"{""too_thin"": 4}",ADJUDICATE,adjudicate_duration,narrowed,
glyph/16/0/2/0/10,no_stem,,0,"{""too_thin"": 4}",ADJUDICATE,adjudicate_duration,narrowed,
glyph/16/0/2/1/3,no_stem,,0,"{""too_thin"": 1}",ADJUDICATE,adjudicate_duration,narrowed,
glyph/16/0/2/1/4,no_stem,,0,"{""too_thin"": 1}",ADJUDICATE,adjudicate_duration,narrowed,
glyph/16/0/2/1/5,no_stem,,0,"{""too_thin"": 1}",ADJUDICATE,adjudicate_duration,narrowed,
glyph/16/0/2/1/6,no_stem,,0,"{""too_thin"": 1}",ADJUDICATE,adjudicate_duration,narrowed,
glyph/16/0/2/1/7,no_stem,,0,"{""too_thin"": 1}",ADJUDICATE,adjudicate_duration,narrowed,
glyph/16/0/2/2/3,no_stem,,0,"{""too_thin"": 4}",ADJUDICATE,adjudicate_duration,narrowed,
glyph/16/0/2/2/5,no_stem,,0,"{""too_thin"": 4}",ADJUDICATE,adjudicate_duration,narrowed,
glyph/16/0/2/2/6,no_stem,,0,"{""too_thin"": 4}",ADJUDICATE,adjudicate_duration,narrowed,
glyph/16/0/2/2/7,no_stem,,0,"{""too_thin"": 4}",ADJUDICATE,adjudicate_duration,narrowed,
glyph/16/0/2/12/1,clean,False,0,"{""too_thin"": 1}",EVALUATE,reconcile_duration,decided,0
glyph/16/0/2/13/1,clean,True,0,{},ADJUDICATE,adjudicate_duration,narrowed,
glyph/16/0/2/14/6,no_stem,,0,"{""too_thin"": 1}",ADJUDICATE,adjudicate_duration,narrowed,
glyph/16/0/3/0/2,no_stem,,0,"{""too_thin"": 3}",ADJUDICATE,adjudicate_duration,narrowed,
glyph/16/0/3/0/4,no_stem,,0,"{""too_thin"": 3}",ADJUDICATE,adjudicate_duration,narrowed,
glyph/16/0/3/0/5,no_stem,,0,"{""too_thin"": 3}",ADJUDICATE,adjudicate_duration,narrowed,
glyph/16/0/3/0/13,no_stem,,0,"{""too_thin"": 3}",ADJUDICATE,adjudicate_duration,narrowed,
glyph/16/0/3/15/1,clean,False,0,"{""too_thin"": 1}",EVALUATE,reconcile_duration,decided,0
glyph/16/0/4/1/0,clean,False,0,{},EVALUATE,reconcile_duration,decided,0
glyph/16/0/4/2/1,no_stem,,0,"{""too_thin"": 1}",ADJUDICATE,adjudicate_duration,narrowed,
glyph/16/0/4/2/2,no_stem,,0,"{""too_thin"": 1}",ADJUDICATE,adjudicate_duration,narrowed,
glyph/16/0/10/14/1,no_stem,,0,{},ADJUDICATE,adjudicate_duration,narrowed,
glyph/16/0/10/15/3,no_stem,,0,"{""too_thin"": 1}",ADJUDICATE,adjudicate_duration,narrowed,
glyph/16/1/0/7/6,no_stem,,0,"{""too_thin"": 1}",ADJUDICATE,adjudicate_duration,narrowed,
glyph/16/1/0/7/7,no_stem,,0,"{""too_thin"": 1}",ADJUDICATE,adjudicate_duration,narrowed,
glyph/16/1/0/7/8,no_stem,,0,"{""too_thin"": 1}",ADJUDICATE,adjudicate_duration,narrowed,
glyph/16/1/0/7/10,no_stem,,0,"{""too_thin"": 1}",ADJUDICATE,adjudicate_duration,narrowed,
glyph/16/1/0/7/12,no_stem,,0,"{""too_thin"": 1}",ADJUDICATE,adjudicate_duration,narrowed,
glyph/16/1/0/7/14,no_stem,,0,"{""too_thin"": 1}",ADJUDICATE,adjudicate_duration,narrowed,
glyph/16/1/2/0/3,clean,True,0,{},ADJUDICATE,adjudicate_duration,narrowed,
glyph/16/1/2/3/0,no_stem,,0,"{""one_stem"": 1}",ADJUDICATE,adjudicate_duration,narrowed,
glyph/16/1/2/3/1,no_stem,,0,"{""one_stem"": 1}",ADJUDICATE,adjudicate_duration,narrowed,
glyph/16/1/2/3/2,no_stem,,0,"{""one_stem"": 1}",ADJUDICATE,adjudicate_duration,narrowed,
glyph/16/1/2/3/3,no_stem,,0,"{""one_stem"": 1}",ADJUDICATE,adjudicate_duration,narrowed,
glyph/16/1/2/3/7,no_stem,,0,"{""one_stem"": 1}",ADJUDICATE,adjudicate_duration,narrowed,
glyph/16/1/3/3/1,no_stem,,0,"{""one_stem"": 1, ""too_thin"": 1}",ADJUDICATE,adjudicate_duration,narrowed,
glyph/16/1/3/3/2,no_stem,,0,"{""one_stem"": 1, ""too_thin"": 1}",ADJUDICATE,adjudicate_duration,narrowed,
glyph/16/1/3/3/3,no_stem,,0,"{""one_stem"": 1, ""too_thin"": 1}",ADJUDICATE,adjudicate_duration,narrowed,
glyph/16/1/3/3/5,no_stem,,0,"{""one_stem"": 1, ""too_thin"": 1}",ADJUDICATE,adjudicate_duration,narrowed,
glyph/16/1/4/2/10,clean,False,0,"{""too_thin"": 1}",ADJUDICATE,adjudicate_duration,narrowed,
glyph/16/1/5/9/0,clean,False,0,{},ADJUDICATE,adjudicate_duration,narrowed,
glyph/16/1/5/9/1,clean,False,0,{},ADJUDICATE,adjudicate_duration,narrowed,
glyph/16/1/5/9/2,clean,False,0,{},ADJUDICATE,adjudicate_duration,narrowed,
glyph/16/1/5/10/0,clean,False,0,{},ADJUDICATE,adjudicate_duration,narrowed,
glyph/16/1/5/10/1,clean,False,0,{},ADJUDICATE,adjudicate_duration,narrowed,
glyph/16/1/5/10/2,clean,False,0,{},ADJUDICATE,adjudicate_duration,narrowed,
glyph/16/1/5/14/0,no_stem,,0,"{""through_heads"": 1}",EVALUATE,reconcile_duration,decided,0
glyph/16/1/8/0/7,clean,False,0,{},EVALUATE,share_stem_value,decided,0
glyph/16/1/10/11/0,clean,False,0,"{""too_thin"": 1}",ADJUDICATE,adjudicate_duration,narrowed,
