doc,subject,ref_pos,side,ledgers_out,geom_pos,geom_verdict,rungs_pos,rungs_verdict,n_rungs_found,spacing_px,rung_gap_ratios,max_gap_deviation
beethoven5-litolff,glyph/1/0/10/14/1,-1,above,1,-2,wrong,-2,wrong,1,15.75,,
beethoven5-litolff,glyph/1/0/10/7/1,-2,above,1,-3,wrong,-3,wrong,1,15.75,,
beethoven5-litolff,glyph/1/0/10/8/1,-2,above,1,-3,wrong,,undecided,0,15.75,,
beethoven5-litolff,glyph/1/0/3/7/3,-2,above,1,-3,wrong,,undecided,0,15.5,,
beethoven5-litolff,glyph/3/0/0/2/1,-6,above,3,-7,wrong,-4,wrong,2,15.5,2.324,1.324
beethoven5-litolff,glyph/3/0/0/2/3,-4,above,2,-5,wrong,-4,right,2,15.5,1.258,0.258
beethoven5-litolff,glyph/3/0/0/2/4,-7,above,4,-7,right,-4,wrong,2,15.5,2.161,1.161
beethoven5-litolff,glyph/3/0/0/2/9,-5,above,3,-6,wrong,-4,wrong,1,15.5,,
beethoven5-litolff,glyph/3/0/0/5/12,-4,above,2,-4,right,-4,right,2,15.5,1.161,0.161
beethoven5-litolff,glyph/3/0/0/6/1,-6,above,3,-7,wrong,-6,right,3,15.5,1.097;1.386,0.386
beethoven5-litolff,glyph/3/0/0/6/2,-4,above,2,-5,wrong,-5,wrong,2,15.5,1.289,0.289
beethoven5-litolff,glyph/3/0/0/7/1,-8,above,4,-9,wrong,-8,right,3,15.5,1.451;0.967,0.451
beethoven5-litolff,glyph/3/0/0/7/2,-2,above,1,-3,wrong,-6,wrong,3,15.5,1.806;1.419,0.806
beethoven5-litolff,glyph/3/0/5/2/0,10,below,1,10,right,10,right,1,15.75,,
beethoven5-litolff,glyph/3/0/5/4/5,10,below,1,10,right,10,right,1,15.75,,
beethoven5-litolff,glyph/3/0/5/7/0,10,below,1,10,right,10,right,1,15.75,,
beethoven5-litolff,glyph/3/0/7/0/7,-3,above,2,-3,right,-2,wrong,1,16.0,,
beethoven5-litolff,glyph/3/0/7/2/2,11,below,2,11,right,11,right,1,16.0,,
beethoven5-litolff,glyph/3/0/7/2/3,10,below,1,10,right,10,right,1,16.0,,
beethoven5-litolff,glyph/3/0/7/2/4,10,below,1,10,right,10,right,1,16.0,,
beethoven5-litolff,glyph/3/0/7/3/1,-6,above,3,-6,right,,undecided,2,16.0,1.002,0.002
beethoven5-litolff,glyph/3/0/7/3/2,-6,above,3,-6,right,-6,right,3,16.0,1.125;1.156,0.156
beethoven5-litolff,glyph/3/0/7/3/4,-6,above,3,-6,right,,undecided,2,16.0,1.062,0.062
beethoven5-litolff,glyph/3/0/7/3/5,10,below,1,10,right,10,right,1,16.0,,
beethoven5-litolff,glyph/3/0/7/4/0,-2,above,1,-2,right,-2,right,1,16.0,,
beethoven5-litolff,glyph/3/0/7/4/2,-2,above,1,-2,right,-2,right,1,16.0,,
beethoven5-litolff,glyph/3/0/7/4/3,-4,above,2,-4,right,-4,right,2,16.0,0.812,0.188
beethoven5-litolff,glyph/3/0/7/6/1,12,below,2,12,right,12,right,2,16.0,1.093,0.093
beethoven5-litolff,glyph/3/0/7/6/2,12,below,2,12,right,12,right,2,16.0,1.000,0.0
beethoven5-litolff,glyph/3/0/7/6/4,12,below,2,12,right,12,right,2,16.0,1.062,0.062
beethoven5-litolff,glyph/3/0/7/7/0,12,below,2,12,right,12,right,2,16.0,0.813,0.187
beethoven5-litolff,glyph/3/0/8/1/1,13,below,3,13,right,13,right,2,15.5,1.098,0.098
beethoven5-litolff,glyph/3/0/8/1/3,11,below,2,11,right,11,right,1,15.5,,
beethoven5-litolff,glyph/3/0/8/2/2,10,below,1,10,right,10,right,1,15.5,,
beethoven5-litolff,glyph/3/0/8/2/5,10,below,1,10,right,10,right,1,15.5,,
beethoven5-litolff,glyph/3/0/8/6/10,10,below,1,11,wrong,10,right,1,15.5,,
beethoven5-litolff,glyph/3/0/8/9/0,11,below,2,12,wrong,10,wrong,1,15.5,,
beethoven5-litolff,glyph/3/0/9/2/0,11,below,2,12,wrong,,undecided,0,15.75,,
beethoven5-litolff,glyph/3/0/9/2/5,11,below,2,11,right,11,right,1,15.75,,
beethoven5-litolff,glyph/3/0/9/3/5,11,below,2,12,wrong,,undecided,0,15.75,,
beethoven5-litolff,glyph/3/1/0/6/0,-6,above,3,-6,right,-6,right,3,15.75,1.080;0.985,0.08
beethoven5-litolff,glyph/3/1/0/6/1,-3,above,2,-3,right,-3,right,1,15.75,,
beethoven5-litolff,glyph/3/1/0/7/0,-6,above,3,-6,right,-6,right,3,15.75,1.016;0.954,0.046
beethoven5-litolff,glyph/3/1/0/9/0,-4,above,2,-4,right,-4,right,2,15.75,0.888,0.112
beethoven5-litolff,glyph/3/1/0/9/2,-3,above,2,-3,right,-3,right,1,15.75,,
brahms1-breitkopf,glyph/1/1/0/2/4,-2,above,1,-2,right,-2,right,1,27.5,,
brahms1-breitkopf,glyph/1/1/0/4/0,-7,above,4,-7,right,-7,right,3,27.5,1.072;0.964,0.072
brahms1-breitkopf,glyph/1/1/0/4/1,-9,above,5,-9,right,-9,right,4,27.5,0.946;0.999;1.055,0.055
brahms1-breitkopf,glyph/1/1/0/4/3,-5,above,3,-5,right,-5,right,2,27.5,0.982,0.018
brahms1-breitkopf,glyph/1/1/0/4/4,-3,above,2,-3,right,-3,right,1,27.5,,
brahms1-breitkopf,glyph/1/1/0/4/5,-8,above,4,-8,right,-8,right,4,27.5,0.963;0.946;1.126,0.126
brahms1-breitkopf,glyph/1/1/0/4/6,-6,above,3,-6,right,-6,right,3,27.5,0.963;0.983,0.037
brahms1-breitkopf,glyph/1/1/8/4/4,-2,above,1,-2,right,,undecided,0,26.75,,
brahms1-breitkopf,glyph/1/1/8/5/0,12,below,2,12,right,10,wrong,1,26.75,,
brahms1-breitkopf,glyph/1/1/8/6/0,13,below,3,13,right,11,wrong,1,26.75,,
brahms1-breitkopf,glyph/1/1/8/7/4,13,below,3,13,right,14,wrong,3,26.75,1.570;1.234,0.57
