group,subject,side,ref_pos,geom_pos,spacing_px,n_ledgers_found,gap1_ratio,gap2_ratio,all_gap_ratios,box_minus_ink_px,stepped_pos,stepped_right
miss,glyph/1/0/10/7/1,above,-2,-3,15.75,1,1.2063492063492063,,1.206,2.07,-2,True
miss,glyph/1/0/10/8/1,above,-2,-3,15.75,1,1.3968253968253967,,1.397,-0.27,-2,True
miss,glyph/1/0/3/7/3,above,-2,-3,15.5,1,1.1612903225806452,,1.161,-0.46,-2,True
miss,glyph/3/0/0/2/1,above,-6,-7,15.5,1,1.2258064516129032,,1.226,0.89,-6,True
miss,glyph/3/0/0/2/9,above,-5,-6,15.5,1,1.3870967741935485,,1.387,-0.84,-5,True
miss,glyph/3/0/0/6/2,above,-4,-5,15.5,1,1.032258064516129,,1.032,-0.91,-5,False
miss,glyph/3/0/0/7/2,above,-2,-3,15.5,0,,,,-0.68,-3,False
miss,glyph/3/0/8/9/0,below,11,12,15.5,1,1.1935483870967742,,1.194,-1.14,11,True
miss,glyph/3/0/9/2/0,below,11,12,15.75,1,1.1746031746031746,,1.175,4.16,12,False
miss,glyph/3/0/9/3/5,below,11,12,15.75,2,1.1111111111111112,1.5238095238095237,1.111;1.524,-0.4,11,True
control,glyph/3/0/0/2/4,above,-7,-7,15.5,1,1.3870967741935485,,1.387,0.84,,
control,glyph/3/0/0/5/12,above,-4,-4,15.5,2,1.096774193548387,1.7419354838709677,1.097;1.742,-0.99,,
control,glyph/3/0/5/2/0,below,10,10,15.75,1,0.8571428571428571,,0.857,3.8,,
control,glyph/3/0/7/0/7,above,-3,-3,16.0,0,,,,-0.02,,
control,glyph/3/0/7/2/2,below,11,11,16.0,1,0.9375,,0.938,2.48,,
control,glyph/3/0/7/3/1,above,-6,-6,16.0,1,0.96875,,0.969,1.16,,
control,glyph/3/0/7/4/0,above,-2,-2,16.0,1,1.1875,,1.188,1.28,,
control,glyph/3/0/7/6/1,below,12,12,16.0,2,0.96875,1.09375,0.969;1.094,-0.84,,
control,glyph/3/0/8/1/1,below,13,13,15.5,2,1.0,1.096774193548387,1.000;1.097,4.08,,
control,glyph/3/1/0/6/0,above,-6,-6,15.75,2,0.9841269841269841,2.0317460317460316,0.984;2.032,1.64,,
