cell_id,source_tag,det_id,smufl_name,category,x,y,pitch,confidence,verdict,reason
beet5-p10-sys0-s1-m1,beet5-p10,D0,noteheadBlackOnLine,notehead,183,903,,0.13322557508945465,tp,
beet5-p10-sys0-s1-m1,beet5-p10,D1,noteheadBlackOnLine,notehead,196,1053,,0.1058812066912651,pending,
beet5-p10-sys0-s1-m1,beet5-p10,D2,noteheadBlackOnLine,notehead,197,915,,0.12607915699481964,pending,
beet5-p10-sys0-s1-m1,beet5-p10,D3,accidentalNatural,accidental,230,1167,,0.44142836332321167,pending,
beet5-p10-sys0-s1-m1,beet5-p10,D4,staff,structural,455,818,,0.20157551765441895,pending,
beet5-p10-sys0-s1-m1,beet5-p10,D5,staff,structural,457,20,,0.18328052759170532,pending,
beet5-p10-sys0-s1-m1,beet5-p10,D6,staff,structural,457,623,,0.11377143114805222,pending,
beet5-p10-sys0-s1-m1,beet5-p10,D7,staff,structural,458,526,,0.10406491905450821,pending,
beet5-p10-sys0-s1-m1,beet5-p10,D8,restWhole,rest,528,659,,0.1109674796462059,pending,
beet5-p10-sys0-s1-m2,beet5-p10,D0,restWhole,rest,277,401,,0.7306725382804871,pending,
beet5-p10-sys0-s1-m2,beet5-p10,D1,noteheadBlackOnLine,notehead,797,692,,0.5950138568878174,wrong_pitch,
beet5-p10-sys0-s1-m2,beet5-p10,D2,noteheadBlackInSpace,notehead,801,423,,0.21459496021270752,pending,
beet5-p10-sys0-s1-m2,beet5-p10,D3,articStaccatoAbove,ornament,841,889,,0.2962532639503479,pending,
beet5-p10-sys0-s1-m2,beet5-p10,D4,restWhole,rest,1031,35,,0.5258445143699646,pending,
beet5-p10-sys0-s1-m2,beet5-p10,D5,restQuarter,rest,1077,426,,0.44609615206718445,pending,
beet5-p10-sys0-s1-m2,beet5-p10,D6,augmentationDot,structural,1160,385,,0.17920920252799988,pending,
beet5-p10-sys0-s1-m2,beet5-p10,D7,restWhole,rest,1650,399,,0.3416668772697449,pending,
wtc-p10-sys0-s0-m0,wtc-p10,D0,clefG,clef,137,372,,0.72394198179245,pending,
wtc-p10-sys0-s0-m0,wtc-p10,D1,accidentalSharp,accidental,314,253,,0.5284484624862671,pending,
wtc-p10-sys0-s0-m0,wtc-p10,D2,accidentalNatural,accidental,314,251,,0.4948800504207611,pending,
wtc-p10-sys0-s0-m0,wtc-p10,D3,accidentalFlat,accidental,314,251,,0.17595382034778595,pending,
wtc-p10-sys0-s0-m0,wtc-p10,D4,accidentalSharp,accidental,385,344,,0.44806793332099915,pending,
wtc-p10-sys0-s0-m0,wtc-p10,D5,accidentalNatural,accidental,385,348,,0.44295570254325867,pending,
wtc-p10-sys0-s0-m0,wtc-p10,D6,accidentalFlat,accidental,385,346,,0.21831351518630981,pending,
wtc-p10-sys0-s0-m0,wtc-p10,D7,accidentalNatural,accidental,457,223,,0.6155301332473755,pending,
wtc-p10-sys0-s0-m0,wtc-p10,D8,accidentalSharp,accidental,457,220,,0.3137712776660919,pending,
wtc-p10-sys0-s0-m0,wtc-p10,D9,accidentalNatural,accidental,529,313,,0.6452622413635254,pending,
wtc-p10-sys0-s0-m0,wtc-p10,D10,accidentalSharp,accidental,597,411,,0.6940031051635742,pending,
wtc-p10-sys0-s0-m0,wtc-p10,D11,accidentalNatural,accidental,598,408,,0.372906893491745,pending,
wtc-p10-sys0-s0-m0,wtc-p10,D12,keyNatural,accidental,598,409,,0.3708735704421997,pending,
wtc-p10-sys0-s0-m0,wtc-p10,D13,accidentalNatural,accidental,668,282,,0.42424705624580383,pending,
wtc-p10-sys0-s0-m0,wtc-p10,D14,accidentalFlat,accidental,668,280,,0.31276050209999084,pending,
wtc-p10-sys0-s0-m0,wtc-p10,D15,keyNatural,accidental,743,376,,0.6431106328964233,pending,
wtc-p10-sys0-s0-m0,wtc-p10,D16,timeSig8,time_sig_digit,893,471,,0.2929881811141968,pending,
wtc-p10-sys0-s0-m0,wtc-p10,D17,noteheadWholeInSpace,notehead,893,413,,0.22938837110996246,fp,
wtc-p10-sys0-s0-m0,wtc-p10,D18,timeSig8,time_sig_digit,893,410,,0.21393875777721405,pending,
wtc-p10-sys0-s0-m0,wtc-p10,D19,noteheadWholeInSpace,notehead,893,472,,0.1347818374633789,fp,
wtc-p10-sys0-s0-m0,wtc-p10,D20,timeSig8,time_sig_digit,893,450,,0.1164998784661293,pending,
wtc-p10-sys0-s0-m0,wtc-p10,D21,staff,structural,1023,373,,0.5304874777793884,pending,
wtc-p10-sys0-s0-m0,wtc-p10,D22,dynamicP,dynamic,1099,716,,0.553267240524292,pending,
wtc-p10-sys0-s0-m0,wtc-p10,D23,noteheadBlackInSpace,notehead,1111,283,,0.8921909928321838,tp,
wtc-p10-sys0-s0-m0,wtc-p10,D24,noteheadBlackInSpace,notehead,1262,346,,0.9009479880332947,tp,
wtc-p10-sys0-s0-m0,wtc-p10,D25,noteheadBlackOnLine,notehead,1412,442,,0.8748545050621033,tp,
wtc-p10-sys0-s0-m0,wtc-p10,D26,beam,structural,1479,605,,0.529928982257843,pending,
wtc-p10-sys0-s0-m0,wtc-p10,D27,beam,structural,1483,550,,0.4474133849143982,pending,
wtc-p10-sys0-s0-m0,wtc-p10,D28,noteheadBlackInSpace,notehead,1593,346,,0.890326976776123,tp,
wtc-p10-sys0-s0-m0,wtc-p10,D29,accidentalFlat,accidental,1740,130,,0.20455309748649597,pending,
wtc-p10-sys0-s0-m0,wtc-p10,D30,noteheadBlackInSpace,notehead,1776,282,,0.886928141117096,tp,
wtc-p10-sys0-s0-m0,wtc-p10,D31,noteheadBlackInSpace,notehead,1926,346,,0.8929875493049622,tp,
wtc-p10-sys0-s0-m0,wtc-p10,D32,dynamicF,dynamic,1975,703,,0.16312578320503235,pending,
wtc-p10-sys0-s0-m1,wtc-p10,D0,clefF,clef,26,1157,,0.2069196105003357,pending,
wtc-p10-sys0-s0-m1,wtc-p10,D1,noteheadBlackOnLine,notehead,189,407,,0.20984290540218353,pending,
wtc-p10-sys0-s0-m1,wtc-p10,D2,noteheadBlackOnLine,notehead,189,421,,0.13432800769805908,pending,
wtc-p10-sys0-s0-m1,wtc-p10,D3,noteheadBlackOnLine,notehead,191,390,,0.6650568842887878,tp,
wtc-p10-sys0-s0-m1,wtc-p10,D4,noteheadBlackOnLine,notehead,425,548,,0.29771482944488525,tp,
wtc-p10-sys0-s0-m1,wtc-p10,D5,noteheadBlackInSpace,notehead,426,546,,0.28909504413604736,pending,
wtc-p10-sys0-s0-m1,wtc-p10,D6,staff,structural,645,1195,,0.16528327763080597,pending,
wtc-p10-sys0-s0-m1,wtc-p10,D7,staff,structural,645,4,,0.12274891883134842,pending,
wtc-p10-sys0-s0-m1,wtc-p10,D8,noteheadBlackOnLine,notehead,714,422,,0.25186973810195923,pending,
wtc-p10-sys0-s0-m1,wtc-p10,D9,noteheadBlackOnLine,notehead,716,392,,0.6397310495376587,tp,
wtc-p10-sys0-s0-m1,wtc-p10,D10,staff,structural,769,906,,0.10681518167257309,pending,
wtc-p10-sys0-s0-m1,wtc-p10,D11,staff,structural,772,865,,0.1452067792415619,pending,
wtc-p10-sys0-s0-m1,wtc-p10,D12,staff,structural,831,598,,0.23479481041431427,pending,
wtc-p10-sys0-s0-m1,wtc-p10,D13,noteheadBlackInSpace,notehead,950,547,,0.3452179431915283,pending,
wtc-p10-sys0-s0-m1,wtc-p10,D14,noteheadBlackOnLine,notehead,951,548,,0.32805463671684265,tp,
wtc-p10-sys0-s0-m1,wtc-p10,D15,noteheadBlackOnLine,notehead,1237,396,,0.6998893618583679,tp,
wtc-p10-sys0-s0-m1,wtc-p10,D16,noteheadBlackInSpace,notehead,1474,546,,0.6252889037132263,tp,
wtc-p10-sys0-s0-m2,wtc-p10,D0,noteheadBlackOnLine,notehead,191,345,,0.6761439442634583,tp,
wtc-p10-sys0-s0-m2,wtc-p10,D1,noteheadBlackOnLine,notehead,428,548,,0.39409711956977844,tp,
wtc-p10-sys0-s0-m2,wtc-p10,D2,noteheadBlackInSpace,notehead,428,546,,0.3430790603160858,pending,
wtc-p10-sys0-s0-m2,wtc-p10,D3,staff,structural,645,4,,0.19238540530204773,pending,
wtc-p10-sys0-s0-m2,wtc-p10,D4,staff,structural,645,1196,,0.17851762473583221,pending,
wtc-p10-sys0-s0-m2,wtc-p10,D5,noteheadBlackOnLine,notehead,715,346,,0.6860617399215698,tp,
wtc-p10-sys0-s0-m2,wtc-p10,D6,staff,structural,737,872,,0.1389516294002533,pending,
wtc-p10-sys0-s0-m2,wtc-p10,D7,staff,structural,830,598,,0.18321599066257477,pending,
wtc-p10-sys0-s0-m2,wtc-p10,D8,noteheadBlackInSpace,notehead,950,547,,0.3908378481864929,pending,
wtc-p10-sys0-s0-m2,wtc-p10,D9,noteheadBlackOnLine,notehead,951,548,,0.3538700342178345,tp,
wtc-p10-sys0-s0-m2,wtc-p10,D10,noteheadBlackOnLine,notehead,1237,346,,0.5960781574249268,tp,
wtc-p10-sys0-s0-m2,wtc-p10,D11,noteheadBlackInSpace,notehead,1474,546,,0.6246716380119324,tp,
wtc-p10-sys0-s0-m3,wtc-p10,D0,noteheadBlackOnLine,notehead,188,314,,0.4724608063697815,pending,
wtc-p10-sys0-s0-m3,wtc-p10,D1,noteheadBlackOnLine,notehead,190,298,,0.1739795207977295,tp,
wtc-p10-sys0-s0-m3,wtc-p10,D2,noteheadBlackOnLine,notehead,191,281,,0.5841412544250488,pending,
wtc-p10-sys0-s0-m3,wtc-p10,D3,noteheadBlackOnLine,notehead,428,548,,0.31654489040374756,tp,
wtc-p10-sys0-s0-m3,wtc-p10,D4,noteheadBlackInSpace,notehead,428,546,,0.3045334219932556,pending,
wtc-p10-sys0-s0-m3,wtc-p10,D5,staff,structural,645,4,,0.16826403141021729,pending,
wtc-p10-sys0-s0-m3,wtc-p10,D6,noteheadBlackOnLine,notehead,712,322,,0.42573532462120056,pending,
wtc-p10-sys0-s0-m3,wtc-p10,D7,noteheadBlackOnLine,notehead,713,302,,0.46147140860557556,tp,
wtc-p10-sys0-s0-m3,wtc-p10,D8,noteheadBlackOnLine,notehead,716,279,,0.5835082530975342,pending,
wtc-p10-sys0-s0-m3,wtc-p10,D9,staff,structural,728,1195,,0.1878385841846466,pending,
wtc-p10-sys0-s0-m3,wtc-p10,D10,staff,structural,774,874,,0.1340276598930359,pending,
wtc-p10-sys0-s0-m3,wtc-p10,D11,staff,structural,831,550,,0.11972180753946304,pending,
wtc-p10-sys0-s0-m3,wtc-p10,D12,staff,structural,833,596,,0.14725272357463837,pending,
wtc-p10-sys0-s0-m3,wtc-p10,D13,staff,structural,852,4,,0.10755852609872818,pending,
wtc-p10-sys0-s0-m3,wtc-p10,D14,noteheadBlackInSpace,notehead,952,547,,0.4542471766471863,pending,
wtc-p10-sys0-s0-m3,wtc-p10,D15,noteheadBlackOnLine,notehead,953,549,,0.24995744228363037,tp,
wtc-p10-sys0-s0-m3,wtc-p10,D16,noteheadBlackOnLine,notehead,1236,319,,0.4034627676010132,pending,
wtc-p10-sys0-s0-m3,wtc-p10,D17,noteheadBlackOnLine,notehead,1237,306,,0.4483639597892761,tp,
wtc-p10-sys0-s0-m3,wtc-p10,D18,noteheadBlackOnLine,notehead,1240,285,,0.5335258841514587,pending,
wtc-p10-sys0-s0-m3,wtc-p10,D19,dynamicF,dynamic,1437,1118,,0.16056521236896515,pending,
wtc-p10-sys0-s0-m3,wtc-p10,D20,noteheadBlackInSpace,notehead,1473,546,,0.6031160354614258,tp,
wtc-p10-sys0-s0-m4,wtc-p10,D0,noteheadBlackOnLine,notehead,193,346,,0.678024172782898,tp,
wtc-p10-sys0-s0-m4,wtc-p10,D1,noteheadBlackInSpace,notehead,429,546,,0.31016719341278076,pending,
wtc-p10-sys0-s0-m4,wtc-p10,D2,noteheadBlackOnLine,notehead,429,549,,0.2843473553657532,tp,
wtc-p10-sys0-s0-m4,wtc-p10,D3,staff,structural,646,4,,0.198065385222435,pending,
wtc-p10-sys0-s0-m4,wtc-p10,D4,noteheadBlackOnLine,notehead,715,346,,0.6664361953735352,tp,
wtc-p10-sys0-s0-m4,wtc-p10,D5,staff,structural,775,878,,0.22630126774311066,pending,
wtc-p10-sys0-s0-m4,wtc-p10,D6,staff,structural,830,542,,0.17394490540027618,pending,
wtc-p10-sys0-s0-m4,wtc-p10,D7,staff,structural,831,591,,0.17873172461986542,pending,
wtc-p10-sys0-s0-m4,wtc-p10,D8,staff,structural,832,598,,0.19482436776161194,pending,
wtc-p10-sys0-s0-m4,wtc-p10,D9,noteheadBlackInSpace,notehead,952,547,,0.3999912142753601,pending,
wtc-p10-sys0-s0-m4,wtc-p10,D10,noteheadBlackOnLine,notehead,953,549,,0.3073381781578064,tp,
wtc-p10-sys0-s0-m4,wtc-p10,D11,noteheadBlackOnLine,notehead,1240,346,,0.5577375888824463,tp,
wtc-p10-sys0-s0-m4,wtc-p10,D12,noteheadBlackInSpace,notehead,1474,546,,0.5675787329673767,pending,
wtc-p10-sys0-s0-m4,wtc-p10,D13,noteheadBlackOnLine,notehead,1474,549,,0.15564581751823425,tp,
wtc-p5-sys0-s0-m0,wtc-p5,D0,clefG,clef,106,284,,0.8339216709136963,pending,
wtc-p5-sys0-s0-m0,wtc-p5,D1,rest8th,rest,309,442,,0.8536251187324524,pending,
wtc-p5-sys0-s0-m0,wtc-p5,D2,noteheadBlackInSpace,notehead,316,315,,0.8649919629096985,tp,
wtc-p5-sys0-s0-m0,wtc-p5,D3,noteheadBlackOnLine,notehead,495,436,,0.8090638518333435,tp,
wtc-p5-sys0-s0-m0,wtc-p5,D4,beam,structural,655,542,,0.8776647448539734,pending,
wtc-p5-sys0-s0-m0,wtc-p5,D5,restQuarter,rest,677,185,,0.913804292678833,pending,
wtc-p5-sys0-s0-m0,wtc-p5,D6,noteheadBlackInSpace,notehead,687,410,,0.8759092092514038,tp,
wtc-p5-sys0-s0-m0,wtc-p5,D7,noteheadBlackOnLine,notehead,873,387,,0.8670827150344849,tp,
wtc-p5-sys0-s0-m0,wtc-p5,D8,staff,structural,1023,296,,0.7536670565605164,pending,
wtc-p5-sys0-s0-m0,wtc-p5,D9,staff,structural,1026,534,,0.1008487418293953,pending,
wtc-p5-sys0-s0-m0,wtc-p5,D10,noteheadBlackInSpace,notehead,1065,363,,0.8868207931518555,tp,
wtc-p5-sys0-s0-m0,wtc-p5,D11,restHalf,rest,1069,177,,0.4520953893661499,pending,
wtc-p5-sys0-s0-m0,wtc-p5,D12,augmentationDot,structural,1128,363,,0.7204715013504028,pending,
wtc-p5-sys0-s0-m0,wtc-p5,D13,beam,structural,1233,525,,0.6503719687461853,pending,
wtc-p5-sys0-s0-m0,wtc-p5,D14,staff,structural,1295,571,,0.11820662766695023,pending,
wtc-p5-sys0-s0-m0,wtc-p5,D15,noteheadBlackOnLine,notehead,1350,338,,0.8396573066711426,tp,
wtc-p5-sys0-s0-m0,wtc-p5,D16,beam,structural,1376,485,,0.5200710296630859,pending,
wtc-p5-sys0-s0-m0,wtc-p5,D17,beam,structural,1376,447,,0.3767429292201996,pending,
wtc-p5-sys0-s0-m0,wtc-p5,D18,noteheadBlackInSpace,notehead,1457,363,,0.8752871155738831,tp,
wtc-p5-sys0-s0-m0,wtc-p5,D19,staff,structural,1527,575,,0.10177059471607208,pending,
wtc-p5-sys0-s0-m0,wtc-p5,D20,noteheadBlackOnLine,notehead,1564,387,,0.8574550747871399,tp,
wtc-p5-sys0-s0-m0,wtc-p5,D21,beam,structural,1638,485,,0.8675932288169861,pending,
wtc-p5-sys0-s0-m0,wtc-p5,D22,noteheadBlackInSpace,notehead,1768,314,,0.8791148662567139,tp,
wtc-p5-sys0-s0-m1,wtc-p5,D0,noteheadBlackInSpace,notehead,81,444,,0.8862413763999939,tp,
wtc-p5-sys0-s0-m1,wtc-p5,D1,restHalf,rest,85,191,,0.7539794445037842,pending,
wtc-p5-sys0-s0-m1,wtc-p5,D2,beam,structural,155,544,,0.8453903198242188,pending,
wtc-p5-sys0-s0-m1,wtc-p5,D3,noteheadBlackOnLine,notehead,291,365,,0.8867119550704956,tp,
wtc-p5-sys0-s0-m1,wtc-p5,D4,tie,structural,390,340,,0.7367326021194458,pending,
wtc-p5-sys0-s0-m1,wtc-p5,D5,noteheadBlackOnLine,notehead,493,364,,0.8750755190849304,tp,
wtc-p5-sys0-s0-m1,wtc-p5,D6,noteheadBlackInSpace,notehead,652,338,,0.8717368841171265,tp,
wtc-p5-sys0-s0-m1,wtc-p5,D7,beam,structural,702,541,,0.8662412166595459,pending,
wtc-p5-sys0-s0-m1,wtc-p5,D8,beam,structural,702,497,,0.8491960167884827,pending,
wtc-p5-sys0-s0-m1,wtc-p5,D9,noteheadBlackOnLine,notehead,813,365,,0.8156223297119141,tp,
wtc-p5-sys0-s0-m1,wtc-p5,D10,noteheadBlackInSpace,notehead,973,391,,0.8743563294410706,tp,
wtc-p5-sys0-s0-m1,wtc-p5,D11,staff,structural,1024,313,,0.8356219530105591,pending,
wtc-p5-sys0-s0-m1,wtc-p5,D12,staff,structural,1029,622,,0.15076319873332977,pending,
wtc-p5-sys0-s0-m1,wtc-p5,D13,rest8th,rest,1126,214,,0.8639922738075256,tp,
wtc-p5-sys0-s0-m1,wtc-p5,D14,noteheadBlackOnLine,notehead,1135,417,,0.8504316210746765,tp,
wtc-p5-sys0-s0-m1,wtc-p5,D15,noteheadBlackOnLine,notehead,1331,417,,0.8744196891784668,tp,
wtc-p5-sys0-s0-m1,wtc-p5,D16,noteheadBlackOnLine,notehead,1331,364,,0.8434825539588928,tp,
wtc-p5-sys0-s0-m1,wtc-p5,D17,beam,structural,1475,535,,0.7616636157035828,pending,
wtc-p5-sys0-s0-m1,wtc-p5,D18,accidentalFlat,accidental,1579,391,,0.6293256878852844,pending,
wtc-p5-sys0-s0-m1,wtc-p5,D19,accidentalSharp,accidental,1579,392,,0.5663889646530151,pending,
wtc-p5-sys0-s0-m1,wtc-p5,D20,accidentalNatural,accidental,1579,393,,0.163394957780838,pending,
wtc-p5-sys0-s0-m1,wtc-p5,D21,beam,structural,1631,180,,0.8671460747718811,pending,
wtc-p5-sys0-s0-m1,wtc-p5,D22,noteheadBlackInSpace,notehead,1661,338,,0.8541418313980103,tp,
wtc-p5-sys0-s0-m1,wtc-p5,D23,noteheadBlackInSpace,notehead,1661,391,,0.8509680032730103,tp,
wtc-p5-sys0-s0-m1,wtc-p5,D24,noteheadBlackOnLine,notehead,1871,312,,0.8502098321914673,tp,
wtc-p5-sys0-s0-m1,wtc-p5,D25,noteheadBlackOnLine,notehead,1872,364,,0.8680620789527893,tp,
wtc-p5-sys0-s0-m1,wtc-p5,D26,tie,structural,1980,391,,0.7654544711112976,pending,
wtc-p5-sys0-s0-m2,wtc-p5,D0,tie,structural,15,354,,0.238457590341568,pending,
wtc-p5-sys0-s0-m2,wtc-p5,D1,noteheadBlackInSpace,notehead,73,261,,0.8897289037704468,tp,
wtc-p5-sys0-s0-m2,wtc-p5,D2,noteheadBlackOnLine,notehead,74,332,,0.8883529901504517,tp,
wtc-p5-sys0-s0-m2,wtc-p5,D3,augmentationDot,structural,139,260,,0.6124248504638672,pending,
wtc-p5-sys0-s0-m2,wtc-p5,D4,beam,structural,145,460,,0.8277595639228821,pending,
wtc-p5-sys0-s0-m2,wtc-p5,D5,accidentalSharp,accidental,198,357,,0.6865276098251343,pending,
wtc-p5-sys0-s0-m2,wtc-p5,D6,accidentalNatural,accidental,198,357,,0.5313344597816467,pending,
wtc-p5-sys0-s0-m2,wtc-p5,D7,noteheadBlackInSpace,notehead,273,356,,0.8694774508476257,tp,
wtc-p5-sys0-s0-m2,wtc-p5,D8,beam,structural,300,71,,0.6932082176208496,pending,
wtc-p5-sys0-s0-m2,wtc-p5,D9,noteheadBlackOnLine,notehead,364,236,,0.8866381645202637,tp,
wtc-p5-sys0-s0-m2,wtc-p5,D10,beam,structural,445,110,,0.42079704999923706,pending,
wtc-p5-sys0-s0-m2,wtc-p5,D11,beam,structural,446,148,,0.5899255275726318,pending,
wtc-p5-sys0-s0-m2,wtc-p5,D12,noteheadBlackInSpace,notehead,469,261,,0.8919526934623718,tp,
wtc-p5-sys0-s0-m2,wtc-p5,D13,accidentalSharp,accidental,545,332,,0.9046580195426941,pending,
wtc-p5-sys0-s0-m2,wtc-p5,D14,noteheadBlackOnLine,notehead,619,286,,0.8777646422386169,tp,
wtc-p5-sys0-s0-m2,wtc-p5,D15,noteheadBlackOnLine,notehead,619,334,,0.8742510676383972,tp,
wtc-p5-sys0-s0-m2,wtc-p5,D16,staff,structural,704,568,,0.13187016546726227,pending,
wtc-p5-sys0-s0-m2,wtc-p5,D17,beam,structural,739,447,,0.8043699264526367,pending,
wtc-p5-sys0-s0-m2,wtc-p5,D18,beam,structural,793,142,,0.864849865436554,pending,
wtc-p5-sys0-s0-m2,wtc-p5,D19,noteheadBlackInSpace,notehead,912,260,,0.9013231992721558,tp,
wtc-p5-sys0-s0-m2,wtc-p5,D20,noteheadBlackInSpace,notehead,913,308,,0.8755027055740356,tp,
wtc-p5-sys0-s0-m2,wtc-p5,D21,staff,structural,1022,289,,0.8357101082801819,pending,
wtc-p5-sys0-s0-m2,wtc-p5,D22,tie,structural,1041,358,,0.8174010515213013,pending,
wtc-p5-sys0-s0-m2,wtc-p5,D23,noteheadBlackOnLine,notehead,1205,237,,0.8546475768089294,tp,
wtc-p5-sys0-s0-m2,wtc-p5,D24,noteheadBlackInSpace,notehead,1206,308,,0.8423068523406982,tp,
wtc-p5-sys0-s0-m2,wtc-p5,D25,accidentalNatural,accidental,1328,332,,0.8415188789367676,pending,
wtc-p5-sys0-s0-m2,wtc-p5,D26,beam,structural,1328,110,,0.7921822667121887,pending,
wtc-p5-sys0-s0-m2,wtc-p5,D27,noteheadBlackInSpace,notehead,1394,212,,0.8794288635253906,tp,
wtc-p5-sys0-s0-m2,wtc-p5,D28,noteheadBlackOnLine,notehead,1394,332,,0.8416675925254822,tp,
wtc-p5-sys0-s0-m2,wtc-p5,D29,beam,structural,1458,446,,0.8521936535835266,pending,
wtc-p5-sys0-s0-m2,wtc-p5,D30,noteheadBlackOnLine,notehead,1579,190,,0.852841317653656,tp,
wtc-p5-sys0-s0-m2,wtc-p5,D31,noteheadBlackInSpace,notehead,1580,308,,0.7899463772773743,tp,
wtc-p5-sys0-s0-m2,wtc-p5,D32,augmentationDot,structural,1643,165,,0.7231050133705139,pending,
wtc-p5-sys0-s0-m2,wtc-p5,D33,accidentalNatural,accidental,1704,269,,0.5463327765464783,pending,
wtc-p5-sys0-s0-m2,wtc-p5,D34,accidentalFlat,accidental,1704,270,,0.3531222939491272,pending,
wtc-p5-sys0-s0-m2,wtc-p5,D35,noteheadBlackOnLine,notehead,1769,286,,0.8092454671859741,tp,
wtc-p5-sys0-s0-m2,wtc-p5,D36,beam,structural,1800,10,,0.5338950157165527,pending,
wtc-p5-sys0-s0-m2,wtc-p5,D37,noteheadBlackInSpace,notehead,1858,164,,0.6141694188117981,tp,
wtc-p5-sys0-s0-m2,wtc-p5,D38,beam,structural,1939,86,,0.6915267109870911,pending,
wtc-p5-sys0-s0-m2,wtc-p5,D39,beam,structural,1940,46,,0.5768239498138428,pending,
wtc-p5-sys0-s0-m2,wtc-p5,D40,noteheadBlackOnLine,notehead,1963,190,,0.8536146879196167,tp,
wtc-p5-sys0-s1-m0,wtc-p5,D0,clefF,clef,105,267,,0.8564765453338623,pending,
wtc-p5-sys0-s1-m0,wtc-p5,D1,noteheadBlackInSpace,notehead,318,364,,0.8928331136703491,tp,
wtc-p5-sys0-s1-m0,wtc-p5,D2,noteheadBlackOnLine,notehead,318,194,,0.8498652577400208,tp,
wtc-p5-sys0-s1-m0,wtc-p5,D3,restQuarter,rest,676,380,,0.9163015484809875,pending,
wtc-p5-sys0-s1-m0,wtc-p5,D4,rest8th,rest,679,199,,0.8505057692527771,tp,
wtc-p5-sys0-s1-m0,wtc-p5,D5,noteheadBlackInSpace,notehead,872,218,,0.8744331002235413,tp,
wtc-p5-sys0-s1-m0,wtc-p5,D6,flag8thUp,flag,921,148,,0.7834463715553284,tp,
wtc-p5-sys0-s1-m0,wtc-p5,D7,staff,structural,1025,295,,0.4860996603965759,pending,
wtc-p5-sys0-s1-m0,wtc-p5,D8,noteheadBlackOnLine,notehead,1063,193,,0.8524541854858398,tp,
wtc-p5-sys0-s1-m0,wtc-p5,D9,restHalf,rest,1069,373,,0.6119303703308105,pending,
wtc-p5-sys0-s1-m0,wtc-p5,D10,staff,structural,1100,574,,0.1539255827665329,pending,
wtc-p5-sys0-s1-m0,wtc-p5,D11,beam,structural,1188,65,,0.7876628637313843,pending,
wtc-p5-sys0-s1-m0,wtc-p5,D12,noteheadBlackInSpace,notehead,1255,170,,0.8528299927711487,tp,
wtc-p5-sys0-s1-m0,wtc-p5,D13,ledgerLine,structural,1559,144,,0.11673766374588013,pending,
wtc-p5-sys0-s1-m0,wtc-p5,D14,noteheadBlackOnLine,notehead,1561,146,,0.7974636554718018,tp,
wtc-p5-sys0-s1-m0,wtc-p5,D15,augmentationDot,structural,1629,120,,0.7522155046463013,pending,
wtc-p5-sys0-s1-m0,wtc-p5,D16,noteheadBlackInSpace,notehead,1861,121,,0.8119174242019653,tp,
wtc-p5-sys0-s1-m0,wtc-p5,D17,ledgerLine,structural,1861,145,,0.11203693598508835,pending,
wtc-p5-sys0-s1-m0,wtc-p5,D18,beam,structural,1942,39,,0.7387111186981201,pending,
wtc-p5-sys0-s1-m0,wtc-p5,D19,beam,structural,1943,5,,0.3705488443374634,pending,
wtc-p5-sys0-s1-m0,wtc-p5,D20,noteheadBlackOnLine,notehead,1967,145,,0.8162917494773865,tp,
wtc-p5-sys0-s1-m1,wtc-p5,D0,rest8th,rest,73,423,,0.7712903022766113,pending,
wtc-p5-sys0-s1-m1,wtc-p5,D1,noteheadBlackInSpace,notehead,79,182,,0.891119122505188,pending,
wtc-p5-sys0-s1-m1,wtc-p5,D2,beam,structural,188,17,,0.6245962977409363,pending,
wtc-p5-sys0-s1-m1,wtc-p5,D3,noteheadBlackOnLine,notehead,290,103,,0.8494496941566467,tp,
wtc-p5-sys0-s1-m1,wtc-p5,D4,noteheadBlackOnLine,notehead,291,417,,0.8829612731933594,tp,
wtc-p5-sys0-s1-m1,wtc-p5,D5,ledgerLine,structural,291,154,,0.11533128470182419,pending,
wtc-p5-sys0-s1-m1,wtc-p5,D6,noteheadBlackOnLine,notehead,491,209,,0.8566767573356628,tp,
wtc-p5-sys0-s1-m1,wtc-p5,D7,noteheadBlackInSpace,notehead,493,393,,0.9113213419914246,tp,
wtc-p5-sys0-s1-m1,wtc-p5,D8,beam,structural,521,532,,0.8730424046516418,pending,
wtc-p5-sys0-s1-m1,wtc-p5,D9,beam,structural,682,30,,0.8625438213348389,pending,
wtc-p5-sys0-s1-m1,wtc-p5,D10,staff,structural,808,623,,0.13346032798290253,pending,
wtc-p5-sys0-s1-m1,wtc-p5,D11,noteheadBlackInSpace,notehead,812,130,,0.8661838173866272,tp,
wtc-p5-sys0-s1-m1,wtc-p5,D12,noteheadBlackOnLine,notehead,813,366,,0.8782280683517456,tp,
wtc-p5-sys0-s1-m1,wtc-p5,D13,ledgerLine,structural,815,154,,0.1800479292869568,pending,
wtc-p5-sys0-s1-m1,wtc-p5,D14,tie,structural,976,89,,0.7887023091316223,pending,
wtc-p5-sys0-s1-m1,wtc-p5,D15,staff,structural,1023,315,,0.6734660863876343,pending,
wtc-p5-sys0-s1-m1,wtc-p5,D16,noteheadBlackInSpace,notehead,1134,131,,0.8672267198562622,tp,
wtc-p5-sys0-s1-m1,wtc-p5,D17,noteheadBlackInSpace,notehead,1135,339,,0.8773200511932373,tp,
wtc-p5-sys0-s1-m1,wtc-p5,D18,augmentationDot,structural,1204,340,,0.6220401525497437,pending,
wtc-p5-sys0-s1-m1,wtc-p5,D19,beam,structural,1264,36,,0.8945303559303284,pending,
wtc-p5-sys0-s1-m1,wtc-p5,D20,beam,structural,1309,515,,0.5266808271408081,pending,
wtc-p5-sys0-s1-m1,wtc-p5,D21,noteheadBlackInSpace,notehead,1330,236,,0.8367252945899963,tp,
wtc-p5-sys0-s1-m1,wtc-p5,D22,noteheadBlackOnLine,notehead,1430,314,,0.8409187197685242,tp,
wtc-p5-sys0-s1-m1,wtc-p5,D23,beam,structural,1457,472,,0.5466802716255188,pending,
wtc-p5-sys0-s1-m1,wtc-p5,D24,beam,structural,1458,429,,0.3693825900554657,pending,
wtc-p5-sys0-s1-m1,wtc-p5,D25,noteheadBlackInSpace,notehead,1546,339,,0.8802909255027771,tp,
wtc-p5-sys0-s1-m1,wtc-p5,D26,noteheadBlackOnLine,notehead,1660,366,,0.8477558493614197,tp,
wtc-p5-sys0-s1-m1,wtc-p5,D27,noteheadBlackInSpace,notehead,1660,130,,0.841052234172821,tp,
wtc-p5-sys0-s1-m1,wtc-p5,D28,ledgerLine,structural,1663,154,,0.1646619290113449,pending,
wtc-p5-sys0-s1-m1,wtc-p5,D29,beam,structural,1736,493,,0.8775849342346191,pending,
wtc-p5-sys0-s1-m1,wtc-p5,D30,noteheadBlackInSpace,notehead,1871,287,,0.8457154035568237,tp,
wtc-p5-sys0-s1-m2,wtc-p5,D0,noteheadBlackInSpace,notehead,74,358,,0.8790348172187805,tp,
wtc-p5-sys0-s1-m2,wtc-p5,D1,noteheadBlackOnLine,notehead,74,142,,0.8215877413749695,tp,
wtc-p5-sys0-s1-m2,wtc-p5,D2,beam,structural,146,459,,0.886880099773407,pending,
wtc-p5-sys0-s1-m2,wtc-p5,D3,beam,structural,201,39,,0.8949632048606873,pending,
wtc-p5-sys0-s1-m2,wtc-p5,D4,noteheadBlackOnLine,notehead,272,190,,0.8489204049110413,tp,
wtc-p5-sys0-s1-m2,wtc-p5,D5,noteheadBlackOnLine,notehead,273,286,,0.889960527420044,tp,
wtc-p5-sys0-s1-m2,wtc-p5,D6,tie,structural,442,310,,0.7912390232086182,pending,
wtc-p5-sys0-s1-m2,wtc-p5,D7,noteheadBlackOnLine,notehead,619,94,,0.8390567898750305,tp,
wtc-p5-sys0-s1-m2,wtc-p5,D8,noteheadBlackOnLine,notehead,620,286,,0.8896554112434387,tp,
wtc-p5-sys0-s1-m2,wtc-p5,D9,ledgerLine,structural,620,144,,0.1522436887025833,pending,
wtc-p5-sys0-s1-m2,wtc-p5,D10,noteheadBlackInSpace,notehead,767,264,,0.8865457773208618,tp,
wtc-p5-sys0-s1-m2,wtc-p5,D11,beam,structural,813,463,,0.8734602928161621,pending,
wtc-p5-sys0-s1-m2,wtc-p5,D12,beam,structural,813,424,,0.8149729371070862,pending,
wtc-p5-sys0-s1-m2,wtc-p5,D13,noteheadBlackOnLine,notehead,912,286,,0.874923586845398,tp,
wtc-p5-sys0-s1-m2,wtc-p5,D14,staff,structural,1021,290,,0.7730154991149902,pending,
wtc-p5-sys0-s1-m2,wtc-p5,D15,noteheadBlackInSpace,notehead,1059,309,,0.8614951372146606,tp,
wtc-p5-sys0-s1-m2,wtc-p5,D16,noteheadBlackInSpace,notehead,1206,119,,0.8422434329986572,tp,
wtc-p5-sys0-s1-m2,wtc-p5,D17,noteheadBlackOnLine,notehead,1207,334,,0.8152951002120972,tp,
wtc-p5-sys0-s1-m2,wtc-p5,D18,ledgerLine,structural,1207,144,,0.16351722180843353,pending,
wtc-p5-sys0-s1-m2,wtc-p5,D19,flag8thUp,flag,1256,60,,0.79407799243927,pending,
wtc-p5-sys0-s1-m2,wtc-p5,D20,beam,structural,1273,454,,0.73868727684021,pending,
wtc-p5-sys0-s1-m2,wtc-p5,D21,accidentalFlat,accidental,1324,305,,0.8861347436904907,pending,
wtc-p5-sys0-s1-m2,wtc-p5,D22,rest8th,rest,1386,196,,0.8906391859054565,tp,
wtc-p5-sys0-s1-m2,wtc-p5,D23,noteheadBlackOnLine,notehead,1395,334,,0.8113454580307007,wrong_pitch,
wtc-p5-sys0-s1-m2,wtc-p5,D24,restQuarter,rest,1569,183,,0.8930295705795288,pending,
wtc-p5-sys0-s1-m2,wtc-p5,D25,noteheadBlackInSpace,notehead,1580,359,,0.77504563331604,tp,
wtc-p5-sys0-s1-m2,wtc-p5,D26,beam,structural,1646,495,,0.8437944054603577,pending,
wtc-p5-sys0-s1-m2,wtc-p5,D27,noteheadBlackOnLine,notehead,1768,382,,0.791894793510437,tp,
wtc-p5-sys1-s2-m0,wtc-p5,D0,clefG,clef,70,190,,0.8996738195419312,pending,
wtc-p5-sys1-s2-m0,wtc-p5,D1,noteheadBlackInSpace,notehead,213,178,,0.8996705412864685,tp,
wtc-p5-sys1-s2-m0,wtc-p5,D2,noteheadBlackInSpace,notehead,213,144,,0.884943425655365,tp,
wtc-p5-sys1-s2-m0,wtc-p5,D3,augmentationDot,structural,253,178,,0.4747179448604584,pending,
wtc-p5-sys1-s2-m0,wtc-p5,D4,augmentationDot,structural,258,178,,0.5395672917366028,pending,
wtc-p5-sys1-s2-m0,wtc-p5,D5,beam,structural,315,30,,0.8908196091651917,pending,
wtc-p5-sys1-s2-m0,wtc-p5,D6,beam,structural,360,287,,0.6514012217521667,pending,
wtc-p5-sys1-s2-m0,wtc-p5,D7,noteheadBlackOnLine,notehead,379,95,,0.8363987803459167,tp,
wtc-p5-sys1-s2-m0,wtc-p5,D8,noteheadBlackOnLine,notehead,462,161,,0.8921070098876953,tp,
wtc-p5-sys1-s2-m0,wtc-p5,D9,beam,structural,484,259,,0.7721769213676453,pending,
wtc-p5-sys1-s2-m0,wtc-p5,D10,beam,structural,484,235,,0.696740984916687,pending,
wtc-p5-sys1-s2-m0,wtc-p5,D11,noteheadBlackInSpace,notehead,546,177,,0.8934286236763,tp,
wtc-p5-sys1-s2-m0,wtc-p5,D12,noteheadBlackOnLine,notehead,630,193,,0.8840487599372864,tp,
wtc-p5-sys1-s2-m0,wtc-p5,D13,noteheadBlackOnLine,notehead,630,161,,0.8745644688606262,tp,
wtc-p5-sys1-s2-m0,wtc-p5,D14,beam,structural,695,283,,0.8739432692527771,pending,
wtc-p5-sys1-s2-m0,wtc-p5,D15,beam,structural,733,49,,0.8774545192718506,pending,
wtc-p5-sys1-s2-m0,wtc-p5,D16,noteheadBlackInSpace,notehead,799,112,,0.8589886426925659,tp,
wtc-p5-sys1-s2-m0,wtc-p5,D17,noteheadBlackInSpace,notehead,799,144,,0.8191291093826294,tp,
wtc-p5-sys1-s2-m0,wtc-p5,D18,tie,structural,884,87,,0.7686894536018372,pending,
wtc-p5-sys1-s2-m0,wtc-p5,D19,noteheadBlackInSpace,notehead,964,112,,0.8566368818283081,tp,
wtc-p5-sys1-s2-m0,wtc-p5,D20,noteheadBlackInSpace,notehead,965,210,,0.8531709313392639,tp,
wtc-p5-sys1-s2-m0,wtc-p5,D21,staff,structural,1023,194,,0.7606542706489563,pending,
wtc-p5-sys1-s2-m0,wtc-p5,D22,beam,structural,1072,283,,0.8877913355827332,pending,
wtc-p5-sys1-s2-m0,wtc-p5,D23,noteheadBlackOnLine,notehead,1090,95,,0.8659745454788208,tp,
wtc-p5-sys1-s2-m0,wtc-p5,D24,beam,structural,1172,27,,0.8569021821022034,pending,
wtc-p5-sys1-s2-m0,wtc-p5,D25,beam,structural,1172,6,,0.6606943607330322,pending,
wtc-p5-sys1-s2-m0,wtc-p5,D26,beam,structural,1213,354,,0.7971203923225403,pending,
wtc-p5-sys1-s2-m0,wtc-p5,D27,noteheadBlackInSpace,notehead,1216,112,,0.8681650757789612,tp,
wtc-p5-sys1-s2-m0,wtc-p5,D28,noteheadBlackOnLine,notehead,1217,161,,0.8712590932846069,tp,
wtc-p5-sys1-s2-m0,wtc-p5,D29,noteheadBlackOnLine,notehead,1341,128,,0.7923300266265869,tp,
wtc-p5-sys1-s2-m0,wtc-p5,D30,tie,structural,1380,198,,0.8305301070213318,pending,
wtc-p5-sys1-s2-m0,wtc-p5,D31,beam,structural,1403,381,,0.2378084659576416,pending,
wtc-p5-sys1-s2-m0,wtc-p5,D32,noteheadBlackInSpace,notehead,1522,144,,0.8657033443450928,tp,
wtc-p5-sys1-s2-m0,wtc-p5,D33,noteheadBlackOnLine,notehead,1568,161,,0.8566879034042358,tp,
wtc-p5-sys1-s2-m0,wtc-p5,D34,beam,structural,1690,29,,0.8774166107177734,pending,
wtc-p5-sys1-s2-m0,wtc-p5,D35,beam,structural,1691,375,,0.8162463903427124,pending,
wtc-p5-sys1-s2-m0,wtc-p5,D36,noteheadBlackInSpace,notehead,1693,145,,0.8223435878753662,tp,
wtc-p5-sys1-s2-m0,wtc-p5,D37,beam,structural,1735,264,,0.7581252455711365,pending,
wtc-p5-sys1-s2-m0,wtc-p5,D38,beam,structural,1736,291,,0.872111439704895,pending,
wtc-p5-sys1-s2-m0,wtc-p5,D39,noteheadBlackOnLine,notehead,1817,95,,0.7856658697128296,tp,
wtc-p5-sys1-s2-m0,wtc-p5,D40,noteheadBlackOnLine,notehead,1818,162,,0.8373414278030396,tp,
wtc-p5-sys1-s2-m0,wtc-p5,D41,noteheadBlackInSpace,notehead,1945,178,,0.8304378986358643,tp,
wtc-p5-sys1-s2-m1,wtc-p5,D0,noteheadBlackOnLine,notehead,71,192,,0.8190369009971619,tp,
wtc-p5-sys1-s2-m1,wtc-p5,D1,noteheadBlackOnLine,notehead,72,230,,0.8536012172698975,tp,
wtc-p5-sys1-s2-m1,wtc-p5,D2,beam,structural,151,330,,0.9019757509231567,pending,
wtc-p5-sys1-s2-m1,wtc-p5,D3,beam,structural,170,17,,0.7392460703849792,pending,
wtc-p5-sys1-s2-m1,wtc-p5,D4,beam,structural,190,452,,0.10050583630800247,pending,
wtc-p5-sys1-s2-m1,wtc-p5,D5,beam,structural,193,453,,0.3243500590324402,pending,
wtc-p5-sys1-s2-m1,wtc-p5,D6,accidentalFlat,accidental,221,71,,0.8954957127571106,tp,
wtc-p5-sys1-s2-m1,wtc-p5,D7,beam,structural,242,453,,0.23275896906852722,pending,
wtc-p5-sys1-s2-m1,wtc-p5,D8,noteheadBlackInSpace,notehead,277,94,,0.8868296146392822,tp,
wtc-p5-sys1-s2-m1,wtc-p5,D9,noteheadBlackInSpace,notehead,277,134,,0.85960453748703,tp,
wtc-p5-sys1-s2-m1,wtc-p5,D10,accidentalNatural,accidental,516,211,,0.7424377202987671,pending,
wtc-p5-sys1-s2-m1,wtc-p5,D11,accidentalSharp,accidental,516,211,,0.6410827040672302,pending,
wtc-p5-sys1-s2-m1,wtc-p5,D12,noteheadBlackInSpace,notehead,577,211,,0.8336457014083862,tp,
wtc-p5-sys1-s2-m1,wtc-p5,D13,noteheadBlackOnLine,notehead,577,115,,0.8081934452056885,tp,
wtc-p5-sys1-s2-m1,wtc-p5,D14,beam,structural,704,345,,0.8363107442855835,pending,
wtc-p5-sys1-s2-m1,wtc-p5,D15,staff,structural,754,458,,0.13796155154705048,pending,
wtc-p5-sys1-s2-m1,wtc-p5,D16,beam,structural,825,424,,0.8692127466201782,pending,
wtc-p5-sys1-s2-m1,wtc-p5,D17,beam,structural,825,12,,0.869026780128479,pending,
wtc-p5-sys1-s2-m1,wtc-p5,D18,beam,structural,825,454,,0.7520204782485962,pending,
wtc-p5-sys1-s2-m1,wtc-p5,D19,staff,structural,841,5,,0.14628155529499054,pending,
wtc-p5-sys1-s2-m1,wtc-p5,D20,noteheadBlackInSpace,notehead,876,134,,0.7338427901268005,tp,
wtc-p5-sys1-s2-m1,wtc-p5,D21,noteheadBlackOnLine,notehead,878,192,,0.8408267498016357,tp,
wtc-p5-sys1-s2-m1,wtc-p5,D22,beam,structural,974,45,,0.6967442035675049,pending,
wtc-p5-sys1-s2-m1,wtc-p5,D23,staff,structural,1023,231,,0.7944780588150024,pending,
wtc-p5-sys1-s2-m1,wtc-p5,D24,noteheadBlackOnLine,notehead,1027,154,,0.8401485085487366,tp,
wtc-p5-sys1-s2-m1,wtc-p5,D25,noteheadBlackInSpace,notehead,1177,172,,0.851697564125061,tp,
wtc-p5-sys1-s2-m1,wtc-p5,D26,noteheadBlackInSpace,notehead,1178,132,,0.8511973023414612,tp,
wtc-p5-sys1-s2-m1,wtc-p5,D27,staff,structural,1254,458,,0.17251577973365784,pending,
wtc-p5-sys1-s2-m1,wtc-p5,D28,beam,structural,1305,331,,0.8718155026435852,pending,
wtc-p5-sys1-s2-m1,wtc-p5,D29,noteheadBlackOnLine,notehead,1327,153,,0.7959128618240356,tp,
wtc-p5-sys1-s2-m1,wtc-p5,D30,beam,structural,1419,17,,0.6993167400360107,pending,
wtc-p5-sys1-s2-m1,wtc-p5,D31,beam,structural,1420,48,,0.6814442873001099,pending,
wtc-p5-sys1-s2-m1,wtc-p5,D32,noteheadBlackInSpace,notehead,1477,211,,0.7925093173980713,tp,
wtc-p5-sys1-s2-m1,wtc-p5,D33,noteheadBlackInSpace,notehead,1477,134,,0.7897962331771851,tp,
wtc-p5-sys1-s2-m1,wtc-p5,D34,noteheadBlackInSpace,notehead,1616,173,,0.8322911858558655,tp,
wtc-p5-sys1-s2-m1,wtc-p5,D35,noteheadBlackOnLine,notehead,1768,192,,0.8179937601089478,tp,
wtc-p5-sys1-s2-m1,wtc-p5,D36,noteheadBlackOnLine,notehead,1768,153,,0.8016657829284668,tp,
wtc-p5-sys1-s2-m1,wtc-p5,D37,beam,structural,1865,55,,0.6125562787055969,pending,
wtc-p5-sys1-s2-m1,wtc-p5,D38,beam,structural,1866,23,,0.800524115562439,pending,
wtc-p5-sys1-s2-m1,wtc-p5,D39,beam,structural,1895,304,,0.647571861743927,pending,
wtc-p5-sys1-s2-m1,wtc-p5,D40,noteheadBlackInSpace,notehead,1917,134,,0.8277121782302856,tp,
wtc-p5-sys1-s2-m2,wtc-p5,D0,noteheadBlackOnLine,notehead,59,323,,0.36750829219818115,pending,
wtc-p5-sys1-s2-m2,wtc-p5,D1,noteheadBlackInSpace,notehead,59,426,,0.27007508277893066,pending,
wtc-p5-sys1-s2-m2,wtc-p5,D2,noteheadBlackOnLine,notehead,59,369,,0.2625780403614044,pending,
wtc-p5-sys1-s2-m2,wtc-p5,D3,noteheadBlackOnLine,notehead,59,468,,0.19525711238384247,pending,
wtc-p5-sys1-s2-m2,wtc-p5,D4,noteheadBlackOnLine,notehead,60,453,,0.32141125202178955,tp,
wtc-p5-sys1-s2-m2,wtc-p5,D5,noteheadBlackInSpace,notehead,60,353,,0.20856408774852753,tp,
wtc-p5-sys1-s2-m2,wtc-p5,D6,noteheadBlackOnLine,notehead,60,356,,0.20209580659866333,pending,
wtc-p5-sys1-s2-m2,wtc-p5,D7,staff,structural,441,91,,0.16629427671432495,pending,
wtc-p5-sys1-s2-m2,wtc-p5,D8,noteheadBlackOnLine,notehead,445,419,,0.603922426700592,pending,
wtc-p5-sys1-s2-m2,wtc-p5,D9,noteheadBlackOnLine,notehead,445,403,,0.3088652193546295,tp,
wtc-p5-sys1-s2-m2,wtc-p5,D10,noteheadBlackOnLine,notehead,448,375,,0.2653721868991852,pending,
wtc-p5-sys1-s2-m2,wtc-p5,D11,staff,structural,457,803,,0.22431649267673492,pending,
wtc-p5-sys1-s2-m2,wtc-p5,D12,staff,structural,457,498,,0.16812744736671448,pending,
wtc-p5-sys1-s2-m2,wtc-p5,D13,staff,structural,458,702,,0.11436311900615692,pending,
wtc-p5-sys1-s2-m2,wtc-p5,D14,staff,structural,459,400,,0.14483828842639923,pending,
wtc-p5-sys1-s2-m2,wtc-p5,D15,noteheadBlackOnLine,notehead,704,365,,0.3283292055130005,pending,
wtc-p5-sys1-s2-m2,wtc-p5,D16,noteheadBlackOnLine,notehead,704,336,,0.2860178053379059,pending,
wtc-p5-sys1-s2-m2,wtc-p5,D17,noteheadBlackInSpace,notehead,705,348,,0.15602384507656097,tp,
wtc-p5-sys1-s2-m2,wtc-p5,D18,noteheadBlackOnLine,notehead,710,322,,0.19077548384666443,pending,
wtc-p5-sys1-s3-m0,wtc-p5,D0,clefF,clef,70,178,,0.8830329179763794,pending,
wtc-p5-sys1-s3-m0,wtc-p5,D1,rest8th,rest,207,133,,0.8899269700050354,pending,
wtc-p5-sys1-s3-m0,wtc-p5,D2,noteheadBlackInSpace,notehead,214,243,,0.8868110179901123,tp,
wtc-p5-sys1-s3-m0,wtc-p5,D3,accidentalSharp,accidental,330,162,,0.8913669586181641,pending,
wtc-p5-sys1-s3-m0,wtc-p5,D4,noteheadBlackOnLine,notehead,379,163,,0.8659934401512146,wrong_pitch,
wtc-p5-sys1-s3-m0,wtc-p5,D5,noteheadBlackOnLine,notehead,380,129,,0.860849916934967,tp,
wtc-p5-sys1-s3-m0,wtc-p5,D6,beam,structural,487,307,,0.8804696798324585,pending,
wtc-p5-sys1-s3-m0,wtc-p5,D7,beam,structural,609,25,,0.8941247463226318,pending,
wtc-p5-sys1-s3-m0,wtc-p5,D8,noteheadBlackInSpace,notehead,630,113,,0.8867372274398804,tp,
wtc-p5-sys1-s3-m0,wtc-p5,D9,noteheadBlackInSpace,notehead,630,145,,0.8772116303443909,tp,
wtc-p5-sys1-s3-m0,wtc-p5,D10,accidentalSharp,accidental,748,95,,0.8762711882591248,pending,
wtc-p5-sys1-s3-m0,wtc-p5,D11,noteheadBlackOnLine,notehead,798,96,,0.8611807227134705,wrong_pitch,
wtc-p5-sys1-s3-m0,wtc-p5,D12,noteheadBlackInSpace,notehead,799,178,,0.6501297354698181,tp,
wtc-p5-sys1-s3-m0,wtc-p5,D13,noteheadBlackInSpace,notehead,964,79,,0.8480061888694763,tp,
wtc-p5-sys1-s3-m0,wtc-p5,D14,noteheadBlackOnLine,notehead,966,194,,0.8852965235710144,tp,
wtc-p5-sys1-s3-m0,wtc-p5,D15,augmentationDot,structural,1007,81,,0.7433004975318909,pending,
wtc-p5-sys1-s3-m0,wtc-p5,D16,staff,structural,1024,193,,0.6627594828605652,pending,
wtc-p5-sys1-s3-m0,wtc-p5,D17,noteheadBlackOnLine,notehead,1341,64,,0.8603295683860779,tp,
wtc-p5-sys1-s3-m0,wtc-p5,D18,beam,structural,1403,13,,0.6461833119392395,pending,
wtc-p5-sys1-s3-m0,wtc-p5,D19,noteheadBlackInSpace,notehead,1426,79,,0.8229384422302246,tp,
wtc-p5-sys1-s3-m0,wtc-p5,D20,accidentalNatural,accidental,1481,97,,0.8626402616500854,pending,
wtc-p5-sys1-s3-m0,wtc-p5,D21,noteheadBlackOnLine,notehead,1524,97,,0.8958110213279724,tp,
wtc-p5-sys1-s3-m0,wtc-p5,D22,noteheadBlackInSpace,notehead,1525,179,,0.8794592618942261,tp,
wtc-p5-sys1-s3-m0,wtc-p5,D23,beam,structural,1653,290,,0.8238587975502014,pending,
wtc-p5-sys1-s3-m0,wtc-p5,D24,accidentalNatural,accidental,1774,162,,0.8391739726066589,pending,
wtc-p5-sys1-s3-m0,wtc-p5,D25,noteheadBlackOnLine,notehead,1818,163,,0.8685717582702637,tp,
wtc-p5-sys1-s3-m0,wtc-p5,D26,noteheadBlackInSpace,notehead,1818,47,,0.8619241714477539,pending,
wtc-p5-sys1-s3-m1,wtc-p5,D0,noteheadBlackInSpace,notehead,71,173,,0.9024577140808105,tp,
wtc-p5-sys1-s3-m1,wtc-p5,D1,noteheadBlackInSpace,notehead,71,134,,0.8637188076972961,tp,
wtc-p5-sys1-s3-m1,wtc-p5,D2,augmentationDot,structural,124,173,,0.8063797950744629,pending,
wtc-p5-sys1-s3-m1,wtc-p5,D3,beam,structural,167,11,,0.3926437795162201,pending,
wtc-p5-sys1-s3-m1,wtc-p5,D4,beam,structural,250,303,,0.6018069982528687,pending,
wtc-p5-sys1-s3-m1,wtc-p5,D5,noteheadBlackOnLine,notehead,276,76,,0.8262151479721069,tp,
wtc-p5-sys1-s3-m1,wtc-p5,D6,ledgerLine,structural,279,114,,0.19119110703468323,pending,
wtc-p5-sys1-s3-m1,wtc-p5,D7,noteheadBlackOnLine,notehead,376,153,,0.8783119320869446,tp,
wtc-p5-sys1-s3-m1,wtc-p5,D8,beam,structural,403,270,,0.684876561164856,pending,
wtc-p5-sys1-s3-m1,wtc-p5,D9,beam,structural,404,240,,0.1216159388422966,pending,
wtc-p5-sys1-s3-m1,wtc-p5,D10,tie,structural,441,34,,0.8413552641868591,pending,
wtc-p5-sys1-s3-m1,wtc-p5,D11,noteheadBlackInSpace,notehead,477,173,,0.8816266655921936,tp,
wtc-p5-sys1-s3-m1,wtc-p5,D12,noteheadBlackOnLine,notehead,577,192,,0.8454236388206482,tp,
wtc-p5-sys1-s3-m1,wtc-p5,D13,noteheadBlackOnLine,notehead,577,76,,0.8450090885162354,tp,
wtc-p5-sys1-s3-m1,wtc-p5,D14,ledgerLine,structural,578,115,,0.19665533304214478,pending,
wtc-p5-sys1-s3-m1,wtc-p5,D15,beam,structural,705,299,,0.800089418888092,pending,
wtc-p5-sys1-s3-m1,wtc-p5,D16,noteheadBlackInSpace,notehead,726,55,,0.8569348454475403,pending,
wtc-p5-sys1-s3-m1,wtc-p5,D17,ledgerLine,structural,727,115,,0.13351662456989288,pending,
wtc-p5-sys1-s3-m1,wtc-p5,D18,accidentalFlat,accidental,822,111,,0.8564091324806213,pending,
wtc-p5-sys1-s3-m1,wtc-p5,D19,noteheadBlackOnLine,notehead,877,76,,0.8401395678520203,tp,
wtc-p5-sys1-s3-m1,wtc-p5,D20,noteheadBlackInSpace,notehead,878,134,,0.8349581956863403,wrong_pitch,
wtc-p5-sys1-s3-m1,wtc-p5,D21,ledgerLine,structural,882,115,,0.17321839928627014,pending,
wtc-p5-sys1-s3-m1,wtc-p5,D22,staff,structural,1024,236,,0.8509883880615234,pending,
wtc-p5-sys1-s3-m1,wtc-p5,D23,ledgerLine,structural,1027,115,,0.18278051912784576,pending,
wtc-p5-sys1-s3-m1,wtc-p5,D24,noteheadBlackInSpace,notehead,1028,95,,0.8455373048782349,tp,
wtc-p5-sys1-s3-m1,wtc-p5,D25,accidentalSharp,accidental,1116,115,,0.8496755361557007,pending,
wtc-p5-sys1-s3-m1,wtc-p5,D26,noteheadBlackInSpace,notehead,1176,213,,0.8382639288902283,tp,
wtc-p5-sys1-s3-m1,wtc-p5,D27,noteheadBlackOnLine,notehead,1177,115,,0.8080368638038635,wrong_pitch,
wtc-p5-sys1-s3-m1,wtc-p5,D28,flag8thUp,flag,1219,59,,0.7580276131629944,tp,
wtc-p5-sys1-s3-m1,wtc-p5,D29,beam,structural,1305,326,,0.8752533793449402,pending,
wtc-p5-sys1-s3-m1,wtc-p5,D30,rest8th,rest,1471,60,,0.8576066493988037,pending,
wtc-p5-sys1-s3-m1,wtc-p5,D31,noteheadBlackOnLine,notehead,1477,154,,0.8497483730316162,tp,
wtc-p5-sys1-s3-m1,wtc-p5,D32,articAccentBelow,ornament,1478,343,,0.7123698592185974,pending,
wtc-p5-sys1-s3-m1,wtc-p5,D33,tie,structural,1624,111,,0.8009475469589233,pending,
wtc-p5-sys1-s3-m1,wtc-p5,D34,restQuarter,rest,1759,43,,0.759156346321106,pending,
wtc-p5-sys1-s3-m1,wtc-p5,D35,noteheadBlackOnLine,notehead,1768,154,,0.8455777168273926,tp,
wtc-p5-sys1-s3-m1,wtc-p5,D36,beam,structural,1895,274,,0.8151726722717285,pending,
wtc-p5-sys1-s3-m1,wtc-p5,D37,beam,structural,1896,307,,0.8182820081710815,pending,
wtc-p5-sys1-s3-m1,wtc-p5,D38,noteheadBlackInSpace,notehead,1918,133,,0.8448565602302551,tp,
wtc-p5-sys1-s3-m2,wtc-p5,D0,noteheadBlackOnLine,notehead,59,416,,0.48487594723701477,pending,
wtc-p5-sys1-s3-m2,wtc-p5,D1,noteheadBlackOnLine,notehead,59,429,,0.32377171516418457,pending,
wtc-p5-sys1-s3-m2,wtc-p5,D2,noteheadBlackOnLine,notehead,60,385,,0.24220770597457886,tp,
wtc-p5-sys1-s3-m2,wtc-p5,D3,beam,structural,194,815,,0.3942473828792572,pending,
wtc-p5-sys1-s3-m2,wtc-p5,D4,noteheadBlackOnLine,notehead,445,454,,0.43131041526794434,tp,
wtc-p5-sys1-s3-m2,wtc-p5,D5,noteheadBlackOnLine,notehead,445,467,,0.11078707128763199,pending,
wtc-p5-sys1-s3-m2,wtc-p5,D6,noteheadBlackInSpace,notehead,446,449,,0.18274162709712982,pending,
wtc-p5-sys1-s3-m2,wtc-p5,D7,noteheadBlackOnLine,notehead,446,437,,0.10884692519903183,pending,
wtc-p5-sys1-s3-m2,wtc-p5,D8,staff,structural,457,501,,0.21685270965099335,pending,
wtc-p5-sys1-s3-m2,wtc-p5,D9,staff,structural,458,810,,0.14826209843158722,pending,
wtc-p5-sys2-s4-m0,wtc-p5,D0,clefG,clef,107,291,,0.8688511252403259,pending,
wtc-p5-sys2-s4-m0,wtc-p5,D1,noteheadBlackOnLine,notehead,324,148,,0.8621100187301636,tp,
wtc-p5-sys2-s4-m0,wtc-p5,D2,noteheadBlackInSpace,notehead,325,322,,0.8882443308830261,tp,
wtc-p5-sys2-s4-m0,wtc-p5,D3,flag8thDown,flag,325,413,,0.7522952556610107,pending,
wtc-p5-sys2-s4-m0,wtc-p5,D4,dynamicF,dynamic,349,574,,0.17830650508403778,pending,
wtc-p5-sys2-s4-m0,wtc-p5,D5,keyboardPedalUp,ornament,393,574,,0.16837142407894135,pending,
wtc-p5-sys2-s4-m0,wtc-p5,D6,accidentalNatural,accidental,403,274,,0.5840903520584106,pending,
wtc-p5-sys2-s4-m0,wtc-p5,D7,accidentalSharp,accidental,404,273,,0.7454644441604614,pending,
wtc-p5-sys2-s4-m0,wtc-p5,D8,noteheadBlackInSpace,notehead,481,272,,0.8802451491355896,wrong_pitch,
wtc-p5-sys2-s4-m0,wtc-p5,D9,beam,structural,552,17,,0.8136302828788757,pending,
wtc-p5-sys2-s4-m0,wtc-p5,D10,beam,structural,553,57,,0.8827630877494812,pending,
wtc-p5-sys2-s4-m0,wtc-p5,D11,rest8th,rest,594,404,,0.8582483530044556,pending,
wtc-p5-sys2-s4-m0,wtc-p5,D12,noteheadBlackOnLine,notehead,601,248,,0.8956629633903503,tp,
wtc-p5-sys2-s4-m0,wtc-p5,D13,noteheadBlackInSpace,notehead,720,172,,0.873942494392395,tp,
wtc-p5-sys2-s4-m0,wtc-p5,D14,rest8th,rest,835,404,,0.878204345703125,pending,
wtc-p5-sys2-s4-m0,wtc-p5,D15,noteheadBlackInSpace,notehead,842,224,,0.8855936527252197,tp,
wtc-p5-sys2-s4-m0,wtc-p5,D16,dynamicF,dynamic,842,25,,0.20656853914260864,pending,
wtc-p5-sys2-s4-m0,wtc-p5,D17,ornamentTrill,ornament,844,24,,0.25853630900382996,pending,
wtc-p5-sys2-s4-m0,wtc-p5,D18,augmentationDot,structural,908,222,,0.7529850006103516,pending,
wtc-p5-sys2-s4-m0,wtc-p5,D19,beam,structural,985,81,,0.845764696598053,pending,
wtc-p5-sys2-s4-m0,wtc-p5,D20,flag8thDown,flag,1000,479,,0.7450657486915588,tp,
wtc-p5-sys2-s4-m0,wtc-p5,D21,noteheadBlackOnLine,notehead,1002,400,,0.8367183208465576,tp,
wtc-p5-sys2-s4-m0,wtc-p5,D22,staff,structural,1023,295,,0.8064707517623901,pending,
wtc-p5-sys2-s4-m0,wtc-p5,D23,beam,structural,1071,126,,0.6520865559577942,pending,
wtc-p5-sys2-s4-m0,wtc-p5,D24,noteheadBlackOnLine,notehead,1072,248,,0.8432008624076843,tp,
wtc-p5-sys2-s4-m0,wtc-p5,D25,accidentalSharp,accidental,1135,374,,0.8420402407646179,pending,
wtc-p5-sys2-s4-m0,wtc-p5,D26,accidentalNatural,accidental,1135,375,,0.32421359419822693,pending,
wtc-p5-sys2-s4-m0,wtc-p5,D27,noteheadBlackOnLine,notehead,1212,249,,0.8480722308158875,tp,
wtc-p5-sys2-s4-m0,wtc-p5,D28,noteheadBlackInSpace,notehead,1213,372,,0.8511911630630493,tp,
wtc-p5-sys2-s4-m0,wtc-p5,D29,augmentationDot,structural,1246,593,,0.2810264825820923,pending,
wtc-p5-sys2-s4-m0,wtc-p5,D30,beam,structural,1257,481,,0.8317522406578064,pending,
wtc-p5-sys2-s4-m0,wtc-p5,D31,flag8thUp,flag,1265,169,,0.6624903678894043,pending,
wtc-p5-sys2-s4-m0,wtc-p5,D32,rest8th,rest,1351,205,,0.8617829084396362,tp,
wtc-p5-sys2-s4-m0,wtc-p5,D33,noteheadBlackOnLine,notehead,1360,347,,0.8156554102897644,tp,
wtc-p5-sys2-s4-m0,wtc-p5,D34,restQuarter,rest,1653,141,,0.8903812766075134,pending,
wtc-p5-sys2-s4-m0,wtc-p5,D35,noteheadBlackInSpace,notehead,1664,324,,0.8668897747993469,tp,
wtc-p5-sys2-s4-m0,wtc-p5,D36,augmentationDot,structural,1731,323,,0.7656450271606445,pending,
wtc-p5-sys2-s4-m0,wtc-p5,D37,beam,structural,1797,490,,0.5707496404647827,pending,
wtc-p5-sys2-s4-m0,wtc-p5,D38,noteheadBlackOnLine,notehead,1894,298,,0.855377733707428,tp,
wtc-p5-sys2-s4-m0,wtc-p5,D39,beam,structural,1909,449,,0.5848289728164673,pending,
wtc-p5-sys2-s4-m0,wtc-p5,D40,beam,structural,1909,408,,0.2761930525302887,pending,
wtc-p5-sys2-s4-m0,wtc-p5,D41,noteheadBlackInSpace,notehead,1986,323,,0.8891474008560181,tp,
wtc-p5-sys2-s4-m1,wtc-p5,D0,noteheadBlackOnLine,notehead,74,350,,0.8494989275932312,tp,
wtc-p5-sys2-s4-m1,wtc-p5,D1,restWhole,rest,79,184,,0.5117066502571106,pending,
wtc-p5-sys2-s4-m1,wtc-p5,D2,beam,structural,164,472,,0.8696815967559814,pending,
wtc-p5-sys2-s4-m1,wtc-p5,D3,noteheadBlackInSpace,notehead,315,274,,0.8695784211158752,tp,
wtc-p5-sys2-s4-m1,wtc-p5,D4,accidentalSharp,accidental,477,375,,0.7860326170921326,pending,
wtc-p5-sys2-s4-m1,wtc-p5,D5,accidentalNatural,accidental,477,375,,0.6293416619300842,pending,
wtc-p5-sys2-s4-m1,wtc-p5,D6,noteheadBlackInSpace,notehead,555,374,,0.8786641359329224,tp,
wtc-p5-sys2-s4-m1,wtc-p5,D7,beam,structural,667,486,,0.866649329662323,pending,
wtc-p5-sys2-s4-m1,wtc-p5,D8,noteheadBlackOnLine,notehead,835,301,,0.8859097957611084,tp,
wtc-p5-sys2-s4-m1,wtc-p5,D9,tie,structural,973,275,,0.8039079308509827,pending,
wtc-p5-sys2-s4-m1,wtc-p5,D10,staff,structural,1024,302,,0.8133508563041687,pending,
wtc-p5-sys2-s4-m1,wtc-p5,D11,restQuarter,rest,1103,142,,0.8953461050987244,pending,
wtc-p5-sys2-s4-m1,wtc-p5,D12,noteheadBlackOnLine,notehead,1113,300,,0.8498414158821106,tp,
wtc-p5-sys2-s4-m1,wtc-p5,D13,noteheadBlackInSpace,notehead,1234,275,,0.8306430578231812,tp,
wtc-p5-sys2-s4-m1,wtc-p5,D14,beam,structural,1264,443,,0.8891192674636841,pending,
wtc-p5-sys2-s4-m1,wtc-p5,D15,beam,structural,1265,485,,0.8591437339782715,pending,
wtc-p5-sys2-s4-m1,wtc-p5,D16,noteheadBlackOnLine,notehead,1354,301,,0.8323584794998169,tp,
wtc-p5-sys2-s4-m1,wtc-p5,D17,noteheadBlackInSpace,notehead,1473,325,,0.856674075126648,tp,
wtc-p5-sys2-s4-m1,wtc-p5,D18,rest8th,rest,1585,205,,0.8737570643424988,tp,
wtc-p5-sys2-s4-m1,wtc-p5,D19,noteheadBlackOnLine,notehead,1595,349,,0.8547197580337524,tp,
wtc-p5-sys2-s4-m1,wtc-p5,D20,noteheadBlackInSpace,notehead,1715,375,,0.8748641610145569,tp,
wtc-p5-sys2-s4-m1,wtc-p5,D21,beam,structural,1745,510,,0.8879467844963074,pending,
wtc-p5-sys2-s4-m1,wtc-p5,D22,beam,structural,1746,552,,0.9026382565498352,pending,
wtc-p5-sys2-s4-m1,wtc-p5,D23,noteheadBlackOnLine,notehead,1834,349,,0.8665214776992798,tp,
wtc-p5-sys2-s4-m1,wtc-p5,D24,noteheadBlackOnLine,notehead,1835,400,,0.8062981367111206,tp,
wtc-p5-sys2-s4-m1,wtc-p5,D25,flag8thUp,flag,1886,254,,0.7962928414344788,pending,
wtc-p5-sys2-s4-m1,wtc-p5,D26,noteheadBlackInSpace,notehead,1953,425,,0.8655135035514832,tp,
wtc-p5-sys2-s4-m2,wtc-p5,D0,noteheadBlackInSpace,notehead,76,314,,0.8729909062385559,tp,
wtc-p5-sys2-s4-m2,wtc-p5,D1,noteheadBlackOnLine,notehead,77,385,,0.8507515788078308,tp,
wtc-p5-sys2-s4-m2,wtc-p5,D2,beam,structural,222,144,,0.8423375487327576,pending,
wtc-p5-sys2-s4-m2,wtc-p5,D3,noteheadBlackOnLine,notehead,307,289,,0.860291600227356,tp,
wtc-p5-sys2-s4-m2,wtc-p5,D4,noteheadBlackInSpace,notehead,577,263,,0.880270779132843,tp,
wtc-p5-sys2-s4-m2,wtc-p5,D5,noteheadBlackInSpace,notehead,578,409,,0.8758431673049927,tp,
wtc-p5-sys2-s4-m2,wtc-p5,D6,augmentationDot,structural,641,263,,0.5963950753211975,pending,
wtc-p5-sys2-s4-m2,wtc-p5,D7,beam,structural,818,72,,0.6774402260780334,pending,
wtc-p5-sys2-s4-m2,wtc-p5,D8,tie,structural,832,451,,0.8259912133216858,pending,
wtc-p5-sys2-s4-m2,wtc-p5,D9,noteheadBlackOnLine,notehead,912,241,,0.8569348454475403,tp,
wtc-p5-sys2-s4-m2,wtc-p5,D10,beam,structural,985,151,,0.5508026480674744,pending,
wtc-p5-sys2-s4-m2,wtc-p5,D11,beam,structural,986,109,,0.6188281774520874,pending,
wtc-p5-sys2-s4-m2,wtc-p5,D12,noteheadBlackInSpace,notehead,1001,263,,0.8247721791267395,tp,
wtc-p5-sys2-s4-m2,wtc-p5,D13,staff,structural,1023,294,,0.6559737324714661,pending,
wtc-p5-sys2-s4-m2,wtc-p5,D14,noteheadBlackOnLine,notehead,1090,289,,0.8336479067802429,tp,
wtc-p5-sys2-s4-m2,wtc-p5,D15,noteheadBlackInSpace,notehead,1091,408,,0.8895279765129089,tp,
wtc-p5-sys2-s4-m2,wtc-p5,D16,noteheadBlackInSpace,notehead,1220,313,,0.8466863036155701,tp,
wtc-p5-sys2-s4-m2,wtc-p5,D17,beam,structural,1242,109,,0.8987957239151001,pending,
wtc-p5-sys2-s4-m2,wtc-p5,D18,beam,structural,1252,480,,0.8235483765602112,pending,
wtc-p5-sys2-s4-m2,wtc-p5,D19,beam,structural,1254,518,,0.8624081611633301,pending,
wtc-p5-sys2-s4-m2,wtc-p5,D20,noteheadBlackInSpace,notehead,1334,215,,0.838995635509491,tp,
wtc-p5-sys2-s4-m2,wtc-p5,D21,noteheadBlackOnLine,notehead,1336,336,,0.8200557827949524,tp,
wtc-p5-sys2-s4-m2,wtc-p5,D22,accidentalNatural,accidental,1402,364,,0.5174702405929565,pending,
wtc-p5-sys2-s4-m2,wtc-p5,D23,noteheadBlackInSpace,notehead,1469,360,,0.8064934015274048,tp,
wtc-p5-sys2-s4-m2,wtc-p5,D24,noteheadBlackInSpace,notehead,1585,314,,0.8205189108848572,tp,
wtc-p5-sys2-s4-m2,wtc-p5,D25,noteheadBlackOnLine,notehead,1585,385,,0.8043856620788574,tp,
wtc-p5-sys2-s4-m2,wtc-p5,D26,noteheadBlackOnLine,notehead,1713,335,,0.8548400402069092,tp,
wtc-p5-sys2-s4-m2,wtc-p5,D27,beam,structural,1736,123,,0.8786685466766357,pending,
wtc-p5-sys2-s4-m2,wtc-p5,D28,beam,structural,1742,484,,0.8776635527610779,pending,
wtc-p5-sys2-s4-m2,wtc-p5,D29,beam,structural,1743,522,,0.9036939740180969,pending,
wtc-p5-sys2-s4-m2,wtc-p5,D30,noteheadBlackOnLine,notehead,1829,241,,0.813079833984375,tp,
wtc-p5-sys2-s4-m2,wtc-p5,D31,noteheadBlackInSpace,notehead,1830,362,,0.799728512763977,tp,
wtc-p5-sys2-s4-m2,wtc-p5,D32,tie,structural,1953,215,,0.7481170296669006,pending,
wtc-p5-sys2-s4-m2,wtc-p5,D33,noteheadBlackInSpace,notehead,1956,312,,0.86710125207901,tp,
